movieId,title,genres,movie_idx
1,Toy Story (1995),Adventure|Animation|Children|Comedy|Fantasy,0
2,Jumanji (1995),Adventure|Children|Fantasy,1
3,Grumpier Old Men (1995),Comedy|Romance,2
5,Father of the Bride Part II (1995),Comedy,3
6,Heat (1995),Action|Crime|Thriller,4
7,Sabrina (1995),Comedy|Romance,5
9,Sudden Death (1995),Action,6
10,GoldenEye (1995),Action|Adventure|Thriller,7
11,"American President, The (1995)",Comedy|Drama|Romance,8
12,Dracula: Dead and Loving It (1995),Comedy|Horror,9
14,Nixon (1995),Drama,10
15,Cutthroat Island (1995),Action|Adventure|Romance,11
16,Casino (1995),Crime|Drama,12
17,Sense and Sensibility (1995),Drama|Romance,13
18,Four Rooms (1995),Comedy,14
19,Ace Ventura: When Nature Calls (1995),Comedy,15
20,Money Train (1995),Action|Comedy|Crime|Drama|Thriller,16
21,Get Shorty (1995),Comedy|Crime|Thriller,17
22,Copycat (1995),Crime|Drama|Horror|Mystery|Thriller,18
23,Assassins (1995),Action|Crime|Thriller,19
24,Powder (1995),Drama|Sci-Fi,20
25,Leaving Las Vegas (1995),Drama|Romance,21
26,Othello (1995),Drama,22
28,Persuasion (1995),Drama|Romance,23
29,"City of Lost Children, The (Cité des enfants perdus, La) (1995)",Adventure|Drama|Fantasy|Mystery|Sci-Fi,24
31,Dangerous Minds (1995),Drama,25
32,Twelve Monkeys (a.k.a. 12 Monkeys) (1995),Mystery|Sci-Fi|Thriller,26
34,Babe (1995),Children|Drama,27
36,Dead Man Walking (1995),Crime|Drama,28
39,Clueless (1995),Comedy|Romance,29
41,Richard III (1995),Drama|War,30
44,Mortal Kombat (1995),Action|Adventure|Fantasy,31
45,To Die For (1995),Comedy|Drama|Thriller,32
46,How to Make an American Quilt (1995),Drama|Romance,33
47,Seven (a.k.a. Se7en) (1995),Mystery|Thriller,34
48,Pocahontas (1995),Animation|Children|Drama|Musical|Romance,35
50,"Usual Suspects, The (1995)",Crime|Mystery|Thriller,36
52,Mighty Aphrodite (1995),Comedy|Drama|Romance,37
58,"Postman, The (Postino, Il) (1994)",Comedy|Drama|Romance,38
60,"Indian in the Cupboard, The (1995)",Adventure|Children|Fantasy,39
62,Mr. Holland's Opus (1995),Drama,40
65,Bio-Dome (1996),Comedy,41
69,Friday (1995),Comedy,42
70,From Dusk Till Dawn (1996),Action|Comedy|Horror|Thriller,43
73,"Misérables, Les (1995)",Drama|War,44
76,Screamers (1995),Action|Sci-Fi|Thriller,45
79,"Juror, The (1996)",Drama|Thriller,46
81,Things to Do in Denver When You're Dead (1995),Crime|Drama|Romance,47
86,White Squall (1996),Action|Adventure|Drama,48
88,Black Sheep (1996),Comedy,49
89,Nick of Time (1995),Action|Thriller,50
94,Beautiful Girls (1996),Comedy|Drama|Romance,51
95,Broken Arrow (1996),Action|Adventure|Thriller,52
97,"Hate (Haine, La) (1995)",Crime|Drama,53
100,City Hall (1996),Drama|Thriller,54
101,Bottle Rocket (1996),Adventure|Comedy|Crime|Romance,55
104,Happy Gilmore (1996),Comedy,56
105,"Bridges of Madison County, The (1995)",Drama|Romance,57
107,Muppet Treasure Island (1996),Adventure|Children|Comedy|Musical,58
110,Braveheart (1995),Action|Drama|War,59
111,Taxi Driver (1976),Crime|Drama|Thriller,60
112,Rumble in the Bronx (Hont faan kui) (1995),Action|Adventure|Comedy|Crime,61
122,Boomerang (1992),Comedy|Romance,62
125,Flirting With Disaster (1996),Comedy,63
135,Down Periscope (1996),Comedy,64
140,Up Close and Personal (1996),Drama|Romance,65
141,"Birdcage, The (1996)",Comedy,66
144,"Brothers McMullen, The (1995)",Comedy,67
145,Bad Boys (1995),Action|Comedy|Crime|Drama|Thriller,68
147,"Basketball Diaries, The (1995)",Drama,69
150,Apollo 13 (1995),Adventure|Drama|IMAX,70
151,Rob Roy (1995),Action|Drama|Romance|War,71
153,Batman Forever (1995),Action|Adventure|Comedy|Crime,72
154,Beauty of the Day (Belle de jour) (1967),Drama,73
157,Canadian Bacon (1995),Comedy|War,74
158,Casper (1995),Adventure|Children,75
159,Clockers (1995),Crime|Drama|Mystery,76
160,Congo (1995),Action|Adventure|Mystery|Sci-Fi,77
161,Crimson Tide (1995),Drama|Thriller|War,78
162,Crumb (1994),Documentary,79
163,Desperado (1995),Action|Romance|Western,80
164,Devil in a Blue Dress (1995),Crime|Film-Noir|Mystery|Thriller,81
165,Die Hard: With a Vengeance (1995),Action|Crime|Thriller,82
168,First Knight (1995),Action|Drama|Romance,83
169,Free Willy 2: The Adventure Home (1995),Adventure|Children|Drama,84
170,Hackers (1995),Action|Adventure|Crime|Thriller,85
172,Johnny Mnemonic (1995),Action|Sci-Fi|Thriller,86
173,Judge Dredd (1995),Action|Crime|Sci-Fi,87
174,Jury Duty (1995),Comedy,88
175,Kids (1995),Drama,89
176,Living in Oblivion (1995),Comedy,90
180,Mallrats (1995),Comedy|Romance,91
181,Mighty Morphin Power Rangers: The Movie (1995),Action|Children,92
185,"Net, The (1995)",Action|Crime|Thriller,93
186,Nine Months (1995),Comedy|Romance,94
188,"Prophecy, The (1995)",Fantasy|Horror|Mystery,95
193,Showgirls (1995),Drama,96
194,Smoke (1995),Comedy|Drama,97
195,Something to Talk About (1995),Comedy|Drama|Romance,98
196,Species (1995),Horror|Sci-Fi,99
198,Strange Days (1995),Action|Crime|Drama|Mystery|Sci-Fi|Thriller,100
203,"To Wong Foo, Thanks for Everything! Julie Newmar (1995)",Comedy,101
204,Under Siege 2: Dark Territory (1995),Action,102
207,"Walk in the Clouds, A (1995)",Drama|Romance,103
208,Waterworld (1995),Action|Adventure|Sci-Fi,104
215,Before Sunrise (1995),Drama|Romance,105
216,Billy Madison (1995),Comedy,106
218,Boys on the Side (1995),Comedy|Drama,107
222,Circle of Friends (1995),Drama|Romance,108
223,Clerks (1994),Comedy,109
224,Don Juan DeMarco (1995),Comedy|Drama|Romance,110
225,Disclosure (1994),Drama|Thriller,111
227,Drop Zone (1994),Action|Thriller,112
230,Dolores Claiborne (1995),Drama|Thriller,113
231,Dumb & Dumber (Dumb and Dumber) (1994),Adventure|Comedy,114
232,Eat Drink Man Woman (Yin shi nan nu) (1994),Comedy|Drama|Romance,115
233,Exotica (1994),Drama,116
234,Exit to Eden (1994),Comedy,117
235,Ed Wood (1994),Comedy|Drama,118
236,French Kiss (1995),Action|Comedy|Romance,119
237,Forget Paris (1995),Comedy|Romance,120
239,"Goofy Movie, A (1995)",Animation|Children|Comedy|Romance,121
246,Hoop Dreams (1994),Documentary,122
247,Heavenly Creatures (1994),Crime|Drama,123
248,Houseguest (1994),Comedy,124
249,Immortal Beloved (1994),Drama|Romance,125
252,I.Q. (1994),Comedy|Romance,126
253,Interview with the Vampire: The Vampire Chronicles (1994),Drama|Horror,127
256,Junior (1994),Comedy|Sci-Fi,128
257,Just Cause (1995),Mystery|Thriller,129
258,"Kid in King Arthur's Court, A (1995)",Adventure|Children|Comedy|Fantasy|Romance,130
260,Star Wars: Episode IV - A New Hope (1977),Action|Adventure|Sci-Fi,131
261,Little Women (1994),Drama,132
262,"Little Princess, A (1995)",Children|Drama,133
265,Like Water for Chocolate (Como agua para chocolate) (1992),Drama|Fantasy|Romance,134
266,Legends of the Fall (1994),Drama|Romance|War|Western,135
267,Major Payne (1995),Comedy,136
272,"Madness of King George, The (1994)",Comedy|Drama,137
273,Mary Shelley's Frankenstein (Frankenstein) (1994),Drama|Horror|Sci-Fi,138
276,Milk Money (1994),Comedy|Romance,139
277,Miracle on 34th Street (1994),Drama,140
280,Murder in the First (1995),Drama|Thriller,141
281,Nobody's Fool (1994),Comedy|Drama|Romance,142
282,Nell (1994),Drama,143
288,Natural Born Killers (1994),Action|Crime|Thriller,144
290,Once Were Warriors (1994),Crime|Drama,145
292,Outbreak (1995),Action|Drama|Sci-Fi|Thriller,146
293,Léon: The Professional (a.k.a. The Professional) (Léon) (1994),Action|Crime|Drama|Thriller,147
296,Pulp Fiction (1994),Comedy|Crime|Drama|Thriller,148
300,Quiz Show (1994),Drama,149
303,"Quick and the Dead, The (1995)",Action|Thriller|Western,150
306,Three Colors: Red (Trois couleurs: Rouge) (1994),Drama,151
307,Three Colors: Blue (Trois couleurs: Bleu) (1993),Drama,152
308,Three Colors: White (Trzy kolory: Bialy) (1994),Comedy|Drama,153
314,"Secret of Roan Inish, The (1994)",Children|Drama|Fantasy|Mystery,154
315,"Specialist, The (1994)",Action|Drama|Thriller,155
316,Stargate (1994),Action|Adventure|Sci-Fi,156
317,"Santa Clause, The (1994)",Comedy|Drama|Fantasy,157
318,"Shawshank Redemption, The (1994)",Crime|Drama,158
319,Shallow Grave (1994),Comedy|Drama|Thriller,159
322,Swimming with Sharks (1995),Comedy|Drama,160
327,Tank Girl (1995),Action|Comedy|Sci-Fi,161
328,Tales from the Crypt Presents: Demon Knight (1995),Horror|Thriller,162
329,Star Trek: Generations (1994),Adventure|Drama|Sci-Fi,163
332,Village of the Damned (1995),Horror|Sci-Fi,164
333,Tommy Boy (1995),Comedy,165
337,What's Eating Gilbert Grape (1993),Drama,166
338,Virtuosity (1995),Action|Sci-Fi|Thriller,167
339,While You Were Sleeping (1995),Comedy|Romance,168
342,Muriel's Wedding (1994),Comedy,169
344,Ace Ventura: Pet Detective (1994),Comedy,170
345,"Adventures of Priscilla, Queen of the Desert, The (1994)",Comedy|Drama,171
348,Bullets Over Broadway (1994),Comedy,172
349,Clear and Present Danger (1994),Action|Crime|Drama|Thriller,173
350,"Client, The (1994)",Drama|Mystery|Thriller,174
351,"Corrina, Corrina (1994)",Comedy|Drama|Romance,175
353,"Crow, The (1994)",Action|Crime|Fantasy|Thriller,176
355,"Flintstones, The (1994)",Children|Comedy|Fantasy,177
356,Forrest Gump (1994),Comedy|Drama|Romance|War,178
357,Four Weddings and a Funeral (1994),Comedy|Romance,179
361,It Could Happen to You (1994),Comedy|Drama|Romance,180
362,"Jungle Book, The (1994)",Adventure|Children|Romance,181
364,"Lion King, The (1994)",Adventure|Animation|Children|Drama|Musical|IMAX,182
366,"Wes Craven's New Nightmare (Nightmare on Elm Street Part 7: Freddy's Finale, A) (1994)",Drama|Horror|Mystery|Thriller,183
367,"Mask, The (1994)",Action|Comedy|Crime|Fantasy,184
368,Maverick (1994),Adventure|Comedy|Western,185
370,Naked Gun 33 1/3: The Final Insult (1994),Action|Comedy,186
371,"Paper, The (1994)",Comedy|Drama,187
372,Reality Bites (1994),Comedy|Drama|Romance,188
373,Red Rock West (1992),Thriller,189
374,Richie Rich (1994),Children|Comedy,190
376,"River Wild, The (1994)",Action|Thriller,191
377,Speed (1994),Action|Romance|Thriller,192
379,Timecop (1994),Action|Sci-Fi|Thriller,193
380,True Lies (1994),Action|Adventure|Comedy|Romance|Thriller,194
381,When a Man Loves a Woman (1994),Drama|Romance,195
382,Wolf (1994),Drama|Horror|Romance|Thriller,196
383,Wyatt Earp (1994),Western,197
393,Street Fighter (1994),Action|Adventure|Fantasy,198
405,Highlander III: The Sorcerer (a.k.a. Highlander: The Final Dimension) (1994),Action|Fantasy,199
410,Addams Family Values (1993),Children|Comedy|Fantasy,200
412,"Age of Innocence, The (1993)",Drama,201
413,Airheads (1994),Comedy,202
415,Another Stakeout (1993),Comedy|Thriller,203
417,Barcelona (1994),Comedy|Romance,204
419,"Beverly Hillbillies, The (1993)",Comedy,205
420,Beverly Hills Cop III (1994),Action|Comedy|Crime|Thriller,206
421,Black Beauty (1994),Adventure|Children|Drama,207
423,Blown Away (1994),Action|Thriller,208
427,Boxing Helena (1993),Drama|Mystery|Romance|Thriller,209
428,"Bronx Tale, A (1993)",Drama,210
431,Carlito's Way (1993),Crime|Drama,211
432,City Slickers II: The Legend of Curly's Gold (1994),Adventure|Comedy|Western,212
434,Cliffhanger (1993),Action|Adventure|Thriller,213
435,Coneheads (1993),Comedy|Sci-Fi,214
440,Dave (1993),Comedy|Romance,215
441,Dazed and Confused (1993),Comedy,216
442,Demolition Man (1993),Action|Adventure|Sci-Fi,217
445,Fatal Instinct (1993),Comedy,218
454,"Firm, The (1993)",Drama|Thriller,219
455,Free Willy (1993),Adventure|Children|Drama,220
457,"Fugitive, The (1993)",Thriller,221
464,Hard Target (1993),Action|Adventure|Crime|Thriller,222
466,Hot Shots! Part Deux (1993),Action|Comedy|War,223
468,"Englishman Who Went Up a Hill But Came Down a Mountain, The (1995)",Comedy|Romance,224
471,"Hudsucker Proxy, The (1994)",Comedy,225
474,In the Line of Fire (1993),Action|Thriller,226
475,In the Name of the Father (1993),Drama,227
477,What's Love Got to Do with It? (1993),Drama|Musical,228
480,Jurassic Park (1993),Action|Adventure|Sci-Fi|Thriller,229
481,Kalifornia (1993),Drama|Thriller,230
485,Last Action Hero (1993),Action|Adventure|Comedy|Fantasy,231
489,Made in America (1993),Comedy,232
490,Malice (1993),Thriller,233
491,"Man Without a Face, The (1993)",Drama,234
492,Manhattan Murder Mystery (1993),Comedy|Mystery,235
493,Menace II Society (1993),Action|Crime|Drama,236
494,Executive Decision (1996),Action|Adventure|Thriller,237
497,Much Ado About Nothing (1993),Comedy|Romance,238
500,Mrs. Doubtfire (1993),Comedy|Drama,239
502,"Next Karate Kid, The (1994)",Action|Children|Romance,240
507,"Perfect World, A (1993)",Crime|Drama|Thriller,241
508,Philadelphia (1993),Drama,242
509,"Piano, The (1993)",Drama|Romance,243
514,"Ref, The (1994)",Comedy,244
515,"Remains of the Day, The (1993)",Drama|Romance,245
516,Renaissance Man (1994),Comedy|Drama,246
519,RoboCop 3 (1993),Action|Crime|Drama|Sci-Fi|Thriller,247
520,Robin Hood: Men in Tights (1993),Comedy,248
524,Rudy (1993),Drama,249
527,Schindler's List (1993),Drama|War,250
529,Searching for Bobby Fischer (1993),Drama,251
531,"Secret Garden, The (1993)",Children|Drama,252
532,Serial Mom (1994),Comedy|Crime|Horror,253
533,"Shadow, The (1994)",Action|Adventure|Fantasy|Mystery,254
534,Shadowlands (1993),Drama|Romance,255
535,Short Cuts (1993),Drama,256
537,Sirens (1994),Drama,257
538,Six Degrees of Separation (1993),Drama,258
539,Sleepless in Seattle (1993),Comedy|Drama|Romance,259
540,Sliver (1993),Thriller,260
541,Blade Runner (1982),Action|Sci-Fi|Thriller,261
542,Son in Law (1993),Comedy|Drama|Romance,262
543,So I Married an Axe Murderer (1993),Comedy|Romance|Thriller,263
546,Super Mario Bros. (1993),Action|Adventure|Children|Comedy|Fantasy|Sci-Fi,264
551,"Nightmare Before Christmas, The (1993)",Animation|Children|Fantasy|Musical,265
552,"Three Musketeers, The (1993)",Action|Adventure|Comedy|Romance,266
553,Tombstone (1993),Action|Drama|Western,267
555,True Romance (1993),Crime|Thriller,268
562,Welcome to the Dollhouse (1995),Comedy|Drama,269
575,"Little Rascals, The (1994)",Children|Comedy,270
585,"Brady Bunch Movie, The (1995)",Comedy,271
586,Home Alone (1990),Children|Comedy,272
587,Ghost (1990),Comedy|Drama|Fantasy|Romance|Thriller,273
588,Aladdin (1992),Adventure|Animation|Children|Comedy|Musical,274
589,Terminator 2: Judgment Day (1991),Action|Sci-Fi,275
590,Dances with Wolves (1990),Adventure|Drama|Western,276
592,Batman (1989),Action|Crime|Thriller,277
593,"Silence of the Lambs, The (1991)",Crime|Horror|Thriller,278
594,Snow White and the Seven Dwarfs (1937),Animation|Children|Drama|Fantasy|Musical,279
595,Beauty and the Beast (1991),Animation|Children|Fantasy|Musical|Romance|IMAX,280
596,Pinocchio (1940),Animation|Children|Fantasy|Musical,281
597,Pretty Woman (1990),Comedy|Romance,282
599,"Wild Bunch, The (1969)",Adventure|Western,283
605,One Fine Day (1996),Drama|Romance,284
608,Fargo (1996),Comedy|Crime|Drama|Thriller,285
609,Homeward Bound II: Lost in San Francisco (1996),Adventure|Children,286
610,Heavy Metal (1981),Action|Adventure|Animation|Horror|Sci-Fi,287
616,"Aristocats, The (1970)",Animation|Children,288
628,Primal Fear (1996),Crime|Drama|Mystery|Thriller,289
631,All Dogs Go to Heaven 2 (1996),Adventure|Animation|Children|Fantasy|Musical|Romance,290
637,Sgt. Bilko (1996),Comedy,291
640,Diabolique (1996),Drama|Thriller,292
647,Courage Under Fire (1996),Action|Crime|Drama|War,293
648,Mission: Impossible (1996),Action|Adventure|Mystery|Thriller,294
653,Dragonheart (1996),Action|Adventure|Fantasy,295
661,James and the Giant Peach (1996),Adventure|Animation|Children|Fantasy|Musical,296
663,Kids in the Hall: Brain Candy (1996),Comedy,297
671,Mystery Science Theater 3000: The Movie (1996),Comedy|Sci-Fi,298
673,Space Jam (1996),Adventure|Animation|Children|Comedy|Fantasy|Sci-Fi,299
694,"Substitute, The (1996)",Action|Crime|Drama,300
707,Mulholland Falls (1996),Crime|Drama|Thriller,301
708,"Truth About Cats & Dogs, The (1996)",Comedy|Romance,302
709,Oliver & Company (1988),Adventure|Animation|Children|Comedy|Musical,303
711,Flipper (1996),Adventure|Children,304
714,Dead Man (1995),Drama|Mystery|Western,305
719,Multiplicity (1996),Comedy,306
720,Wallace & Gromit: The Best of Aardman Animation (1996),Adventure|Animation|Comedy,307
724,"Craft, The (1996)",Drama|Fantasy|Horror|Thriller,308
728,Cold Comfort Farm (1995),Comedy,309
733,"Rock, The (1996)",Action|Adventure|Thriller,310
736,Twister (1996),Action|Adventure|Romance|Thriller,311
737,Barb Wire (1996),Action|Sci-Fi,312
741,Ghost in the Shell (Kôkaku kidôtai) (1995),Animation|Sci-Fi,313
742,Thinner (1996),Horror|Thriller,314
743,Spy Hard (1996),Comedy,315
745,Wallace & Gromit: A Close Shave (1995),Animation|Children|Comedy,316
748,"Arrival, The (1996)",Action|Sci-Fi|Thriller,317
750,Dr. Strangelove or: How I Learned to Stop Worrying and Love the Bomb (1964),Comedy|War,318
761,"Phantom, The (1996)",Action|Adventure,319
762,Striptease (1996),Comedy|Crime,320
765,Jack (1996),Comedy|Drama,321
778,Trainspotting (1996),Comedy|Crime|Drama,322
780,Independence Day (a.k.a. ID4) (1996),Action|Adventure|Sci-Fi|Thriller,323
783,"Hunchback of Notre Dame, The (1996)",Animation|Children|Drama|Musical|Romance,324
784,"Cable Guy, The (1996)",Comedy|Thriller,325
785,Kingpin (1996),Comedy,326
786,Eraser (1996),Action|Drama|Thriller,327
788,"Nutty Professor, The (1996)",Comedy|Fantasy|Romance|Sci-Fi,328
798,Daylight (1996),Action|Adventure|Drama|Thriller,329
799,"Frighteners, The (1996)",Comedy|Horror|Thriller,330
800,Lone Star (1996),Drama|Mystery|Western,331
801,Harriet the Spy (1996),Children|Comedy,332
802,Phenomenon (1996),Drama|Romance,333
805,"Time to Kill, A (1996)",Drama|Thriller,334
810,Kazaam (1996),Children|Comedy|Fantasy,335
818,"Very Brady Sequel, A (1996)",Comedy,336
830,"First Wives Club, The (1996)",Comedy,337
832,Ransom (1996),Crime|Thriller,338
836,Chain Reaction (1996),Action|Adventure|Thriller,339
837,Matilda (1996),Children|Comedy|Fantasy,340
838,Emma (1996),Comedy|Drama|Romance,341
839,"Crow: City of Angels, The (1996)",Action|Thriller,342
842,Tales from the Crypt Presents: Bordello of Blood (1996),Comedy|Horror,343
849,Escape from L.A. (1996),Action|Adventure|Sci-Fi|Thriller,344
852,Tin Cup (1996),Comedy|Drama|Romance,345
858,"Godfather, The (1972)",Crime|Drama,346
866,Bound (1996),Crime|Drama|Romance|Thriller,347
880,"Island of Dr. Moreau, The (1996)",Sci-Fi|Thriller,348
892,Twelfth Night (1996),Comedy|Drama|Romance,349
898,"Philadelphia Story, The (1940)",Comedy|Drama|Romance,350
899,Singin' in the Rain (1952),Comedy|Musical|Romance,351
900,"American in Paris, An (1951)",Musical|Romance,352
902,Breakfast at Tiffany's (1961),Drama|Romance,353
903,Vertigo (1958),Drama|Mystery|Romance|Thriller,354
904,Rear Window (1954),Mystery|Thriller,355
905,It Happened One Night (1934),Comedy|Romance,356
908,North by Northwest (1959),Action|Adventure|Mystery|Romance|Thriller,357
909,"Apartment, The (1960)",Comedy|Drama|Romance,358
910,Some Like It Hot (1959),Comedy|Crime,359
911,Charade (1963),Comedy|Crime|Mystery|Romance|Thriller,360
912,Casablanca (1942),Drama|Romance,361
913,"Maltese Falcon, The (1941)",Film-Noir|Mystery,362
914,My Fair Lady (1964),Comedy|Drama|Musical|Romance,363
915,Sabrina (1954),Comedy|Romance,364
916,Roman Holiday (1953),Comedy|Drama|Romance,365
918,Meet Me in St. Louis (1944),Musical,366
919,"Wizard of Oz, The (1939)",Adventure|Children|Fantasy|Musical,367
920,Gone with the Wind (1939),Drama|Romance|War,368
922,Sunset Blvd. (a.k.a. Sunset Boulevard) (1950),Drama|Film-Noir|Romance,369
923,Citizen Kane (1941),Drama|Mystery,370
924,2001: A Space Odyssey (1968),Adventure|Drama|Sci-Fi,371
926,All About Eve (1950),Drama,372
928,Rebecca (1940),Drama|Mystery|Romance|Thriller,373
930,Notorious (1946),Film-Noir|Romance|Thriller,374
933,To Catch a Thief (1955),Crime|Mystery|Romance|Thriller,375
934,Father of the Bride (1950),Comedy,376
951,His Girl Friday (1940),Comedy|Romance,377
952,Around the World in 80 Days (1956),Adventure|Comedy,378
953,It's a Wonderful Life (1946),Children|Drama|Fantasy|Romance,379
954,Mr. Smith Goes to Washington (1939),Drama,380
955,Bringing Up Baby (1938),Comedy|Romance,381
965,"39 Steps, The (1935)",Drama|Mystery|Thriller,382
968,Night of the Living Dead (1968),Horror|Sci-Fi|Thriller,383
969,"African Queen, The (1951)",Adventure|Comedy|Romance|War,384
971,Cat on a Hot Tin Roof (1958),Drama,385
986,Fly Away Home (1996),Adventure|Children,386
991,Michael Collins (1996),Drama,387
994,Big Night (1996),Comedy|Drama,388
996,Last Man Standing (1996),Action|Crime|Drama|Thriller,389
999,2 Days in the Valley (1996),Crime|Film-Noir,390
1007,"Apple Dumpling Gang, The (1975)",Children|Comedy|Western,391
1013,"Parent Trap, The (1961)",Children|Comedy|Romance,392
1015,Homeward Bound: The Incredible Journey (1993),Adventure|Children|Drama,393
1017,Swiss Family Robinson (1960),Adventure|Children,394
1019,"20,000 Leagues Under the Sea (1954)",Adventure|Drama|Sci-Fi,395
1020,Cool Runnings (1993),Comedy,396
1021,Angels in the Outfield (1994),Children|Comedy,397
1022,Cinderella (1950),Animation|Children|Fantasy|Musical|Romance,398
1023,Winnie the Pooh and the Blustery Day (1968),Animation|Children|Musical,399
1025,"Sword in the Stone, The (1963)",Animation|Children|Fantasy|Musical,400
1027,Robin Hood: Prince of Thieves (1991),Adventure|Drama,401
1028,Mary Poppins (1964),Children|Comedy|Fantasy|Musical,402
1029,Dumbo (1941),Animation|Children|Drama|Musical,403
1030,Pete's Dragon (1977),Adventure|Animation|Children|Musical,404
1031,Bedknobs and Broomsticks (1971),Adventure|Children|Musical,405
1032,Alice in Wonderland (1951),Adventure|Animation|Children|Fantasy|Musical,406
1033,"Fox and the Hound, The (1981)",Animation|Children|Drama,407
1035,"Sound of Music, The (1965)",Musical|Romance,408
1036,Die Hard (1988),Action|Crime|Thriller,409
1037,"Lawnmower Man, The (1992)",Action|Horror|Sci-Fi|Thriller,410
1041,Secrets & Lies (1996),Drama,411
1042,That Thing You Do! (1996),Comedy|Drama,412
1047,"Long Kiss Goodnight, The (1996)",Action|Drama|Thriller,413
1049,"Ghost and the Darkness, The (1996)",Action|Adventure,414
1057,Everyone Says I Love You (1996),Comedy|Musical|Romance,415
1059,William Shakespeare's Romeo + Juliet (1996),Drama|Romance,416
1060,Swingers (1996),Comedy|Drama,417
1061,Sleepers (1996),Thriller,418
1064,Aladdin and the King of Thieves (1996),Animation|Children|Comedy|Fantasy|Musical|Romance,419
1073,Willy Wonka & the Chocolate Factory (1971),Children|Comedy|Fantasy|Musical,420
1077,Sleeper (1973),Comedy|Sci-Fi,421
1078,Bananas (1971),Comedy|War,422
1079,"Fish Called Wanda, A (1988)",Comedy|Crime,423
1080,Monty Python's Life of Brian (1979),Comedy,424
1081,Victor/Victoria (1982),Comedy|Musical|Romance,425
1084,Bonnie and Clyde (1967),Crime|Drama,426
1086,Dial M for Murder (1954),Crime|Mystery|Thriller,427
1088,Dirty Dancing (1987),Drama|Musical|Romance,428
1089,Reservoir Dogs (1992),Crime|Mystery|Thriller,429
1090,Platoon (1986),Drama|War,430
1091,Weekend at Bernie's (1989),Comedy,431
1092,Basic Instinct (1992),Crime|Mystery|Thriller,432
1093,"Doors, The (1991)",Drama,433
1094,"Crying Game, The (1992)",Drama|Romance|Thriller,434
1095,Glengarry Glen Ross (1992),Drama,435
1096,Sophie's Choice (1982),Drama,436
1097,E.T. the Extra-Terrestrial (1982),Children|Drama|Sci-Fi,437
1100,Days of Thunder (1990),Action|Drama|Romance,438
1101,Top Gun (1986),Action|Romance,439
1103,Rebel Without a Cause (1955),Drama,440
1104,"Streetcar Named Desire, A (1951)",Drama,441
1120,"People vs. Larry Flynt, The (1996)",Comedy|Drama,442
1124,On Golden Pond (1981),Drama,443
1125,"Return of the Pink Panther, The (1975)",Comedy|Crime,444
1127,"Abyss, The (1989)",Action|Adventure|Sci-Fi|Thriller,445
1129,Escape from New York (1981),Action|Adventure|Sci-Fi|Thriller,446
1131,Jean de Florette (1986),Drama|Mystery,447
1135,Private Benjamin (1980),Comedy,448
1136,Monty Python and the Holy Grail (1975),Adventure|Comedy|Fantasy,449
1147,When We Were Kings (1996),Documentary,450
1148,Wallace & Gromit: The Wrong Trousers (1993),Animation|Children|Comedy|Crime,451
1171,Bob Roberts (1992),Comedy,452
1172,Cinema Paradiso (Nuovo cinema Paradiso) (1989),Drama,453
1173,"Cook the Thief His Wife & Her Lover, The (1989)",Comedy|Drama,454
1175,Delicatessen (1991),Comedy|Drama|Romance,455
1178,Paths of Glory (1957),Drama|War,456
1179,"Grifters, The (1990)",Crime|Drama|Film-Noir,457
1183,"English Patient, The (1996)",Drama|Romance|War,458
1185,My Left Foot (1989),Drama,459
1186,"Sex, Lies, and Videotape (1989)",Drama,460
1188,Strictly Ballroom (1992),Comedy|Romance,461
1189,"Thin Blue Line, The (1988)",Documentary,462
1193,One Flew Over the Cuckoo's Nest (1975),Drama,463
1194,Cheech and Chong's Up in Smoke (1978),Comedy,464
1196,Star Wars: Episode V - The Empire Strikes Back (1980),Action|Adventure|Sci-Fi,465
1197,"Princess Bride, The (1987)",Action|Adventure|Comedy|Fantasy|Romance,466
1198,Raiders of the Lost Ark (Indiana Jones and the Raiders of the Lost Ark) (1981),Action|Adventure,467
1199,Brazil (1985),Fantasy|Sci-Fi,468
1200,Aliens (1986),Action|Adventure|Horror|Sci-Fi,469
1201,"Good, the Bad and the Ugly, The (Buono, il brutto, il cattivo, Il) (1966)",Action|Adventure|Western,470
1203,12 Angry Men (1957),Drama,471
1204,Lawrence of Arabia (1962),Adventure|Drama|War,472
1206,"Clockwork Orange, A (1971)",Crime|Drama|Sci-Fi|Thriller,473
1207,To Kill a Mockingbird (1962),Drama,474
1208,Apocalypse Now (1979),Action|Drama|War,475
1209,Once Upon a Time in the West (C'era una volta il West) (1968),Action|Drama|Western,476
1210,Star Wars: Episode VI - Return of the Jedi (1983),Action|Adventure|Sci-Fi,477
1211,"Wings of Desire (Himmel über Berlin, Der) (1987)",Drama|Fantasy|Romance,478
1212,"Third Man, The (1949)",Film-Noir|Mystery|Thriller,479
1213,Goodfellas (1990),Crime|Drama,480
1214,Alien (1979),Horror|Sci-Fi,481
1215,Army of Darkness (1993),Action|Adventure|Comedy|Fantasy|Horror,482
1216,"Big Blue, The (Grand bleu, Le) (1988)",Adventure|Drama|Romance,483
1217,Ran (1985),Drama|War,484
1218,"Killer, The (Die xue shuang xiong) (1989)",Action|Crime|Drama|Thriller,485
1219,Psycho (1960),Crime|Horror,486
1220,"Blues Brothers, The (1980)",Action|Comedy|Musical,487
1221,"Godfather: Part II, The (1974)",Crime|Drama,488
1222,Full Metal Jacket (1987),Drama|War,489
1223,"Grand Day Out with Wallace and Gromit, A (1989)",Adventure|Animation|Children|Comedy|Sci-Fi,490
1224,Henry V (1989),Action|Drama|Romance|War,491
1225,Amadeus (1984),Drama,492
1227,Once Upon a Time in America (1984),Crime|Drama,493
1228,Raging Bull (1980),Drama,494
1230,Annie Hall (1977),Comedy|Romance,495
1231,"Right Stuff, The (1983)",Drama,496
1233,"Boot, Das (Boat, The) (1981)",Action|Drama|War,497
1234,"Sting, The (1973)",Comedy|Crime,498
1235,Harold and Maude (1971),Comedy|Drama|Romance,499
1237,"Seventh Seal, The (Sjunde inseglet, Det) (1957)",Drama,500
1240,"Terminator, The (1984)",Action|Sci-Fi|Thriller,501
1241,Dead Alive (Braindead) (1992),Comedy|Fantasy|Horror,502
1242,Glory (1989),Drama|War,503
1243,Rosencrantz and Guildenstern Are Dead (1990),Comedy|Drama,504
1244,Manhattan (1979),Comedy|Drama|Romance,505
1245,Miller's Crossing (1990),Crime|Drama|Film-Noir|Thriller,506
1246,Dead Poets Society (1989),Drama,507
1247,"Graduate, The (1967)",Comedy|Drama|Romance,508
1248,Touch of Evil (1958),Crime|Film-Noir|Thriller,509
1249,"Femme Nikita, La (Nikita) (1990)",Action|Crime|Romance|Thriller,510
1250,"Bridge on the River Kwai, The (1957)",Adventure|Drama|War,511
1251,8 1/2 (8½) (1963),Drama|Fantasy,512
1252,Chinatown (1974),Crime|Film-Noir|Mystery|Thriller,513
1253,"Day the Earth Stood Still, The (1951)",Drama|Sci-Fi|Thriller,514
1254,"Treasure of the Sierra Madre, The (1948)",Action|Adventure|Drama|Western,515
1256,Duck Soup (1933),Comedy|Musical|War,516
1257,Better Off Dead... (1985),Comedy|Romance,517
1258,"Shining, The (1980)",Horror,518
1259,Stand by Me (1986),Adventure|Drama,519
1260,M (1931),Crime|Film-Noir|Thriller,520
1261,Evil Dead II (Dead by Dawn) (1987),Action|Comedy|Fantasy|Horror,521
1262,"Great Escape, The (1963)",Action|Adventure|Drama|War,522
1263,"Deer Hunter, The (1978)",Drama|War,523
1265,Groundhog Day (1993),Comedy|Fantasy|Romance,524
1266,Unforgiven (1992),Drama|Western,525
1267,"Manchurian Candidate, The (1962)",Crime|Thriller|War,526
1269,Arsenic and Old Lace (1944),Comedy|Mystery|Thriller,527
1270,Back to the Future (1985),Adventure|Comedy|Sci-Fi,528
1271,Fried Green Tomatoes (1991),Comedy|Crime|Drama,529
1272,Patton (1970),Drama|War,530
1273,Down by Law (1986),Comedy|Drama|Film-Noir,531
1274,Akira (1988),Action|Adventure|Animation|Sci-Fi,532
1275,Highlander (1986),Action|Adventure|Fantasy,533
1276,Cool Hand Luke (1967),Drama,534
1277,Cyrano de Bergerac (1990),Comedy|Drama|Romance,535
1278,Young Frankenstein (1974),Comedy|Fantasy,536
1281,"Great Dictator, The (1940)",Comedy|Drama|War,537
1282,Fantasia (1940),Animation|Children|Fantasy|Musical,538
1283,High Noon (1952),Drama|Western,539
1284,"Big Sleep, The (1946)",Crime|Film-Noir|Mystery,540
1285,Heathers (1989),Comedy,541
1287,Ben-Hur (1959),Action|Adventure|Drama,542
1288,This Is Spinal Tap (1984),Comedy,543
1289,Koyaanisqatsi (a.k.a. Koyaanisqatsi: Life Out of Balance) (1983),Documentary,544
1290,Some Kind of Wonderful (1987),Drama|Romance,545
1291,Indiana Jones and the Last Crusade (1989),Action|Adventure,546
1292,Being There (1979),Comedy|Drama,547
1293,Gandhi (1982),Drama,548
1295,"Unbearable Lightness of Being, The (1988)",Drama,549
1296,"Room with a View, A (1986)",Drama|Romance,550
1297,Real Genius (1985),Comedy,551
1298,Pink Floyd: The Wall (1982),Drama|Musical,552
1299,"Killing Fields, The (1984)",Drama|War,553
1301,Forbidden Planet (1956),Drama|Sci-Fi,554
1302,Field of Dreams (1989),Children|Drama|Fantasy,555
1303,"Man Who Would Be King, The (1975)",Adventure|Drama,556
1304,Butch Cassidy and the Sundance Kid (1969),Action|Western,557
1307,When Harry Met Sally... (1989),Comedy|Romance,558
1320,Alien³ (a.k.a. Alien 3) (1992),Action|Horror|Sci-Fi|Thriller,559
1321,"American Werewolf in London, An (1981)",Comedy|Horror|Thriller,560
1327,"Amityville Horror, The (1979)",Drama|Horror|Mystery|Thriller,561
1333,"Birds, The (1963)",Horror|Thriller,562
1339,Dracula (Bram Stoker's Dracula) (1992),Fantasy|Horror|Romance|Thriller,563
1342,Candyman (1992),Horror|Thriller,564
1343,Cape Fear (1991),Thriller,565
1344,Cape Fear (1962),Crime|Drama|Thriller,566
1345,Carrie (1976),Drama|Fantasy|Horror|Thriller,567
1347,"Nightmare on Elm Street, A (1984)",Horror|Thriller,568
1348,"Nosferatu (Nosferatu, eine Symphonie des Grauens) (1922)",Horror,569
1350,"Omen, The (1976)",Horror|Mystery|Thriller,570
1356,Star Trek: First Contact (1996),Action|Adventure|Sci-Fi|Thriller,571
1357,Shine (1996),Drama|Romance,572
1358,Sling Blade (1996),Drama,573
1359,Jingle All the Way (1996),Children|Comedy,574
1367,101 Dalmatians (1996),Adventure|Children|Comedy,575
1370,Die Hard 2 (1990),Action|Adventure|Thriller,576
1371,Star Trek: The Motion Picture (1979),Adventure|Sci-Fi,577
1372,Star Trek VI: The Undiscovered Country (1991),Action|Mystery|Sci-Fi,578
1373,Star Trek V: The Final Frontier (1989),Action|Sci-Fi,579
1374,Star Trek II: The Wrath of Khan (1982),Action|Adventure|Sci-Fi|Thriller,580
1375,Star Trek III: The Search for Spock (1984),Action|Adventure|Sci-Fi,581
1376,Star Trek IV: The Voyage Home (1986),Adventure|Comedy|Sci-Fi,582
1377,Batman Returns (1992),Action|Crime,583
1378,Young Guns (1988),Action|Comedy|Western,584
1379,Young Guns II (1990),Action|Western,585
1380,Grease (1978),Comedy|Musical|Romance,586
1381,Grease 2 (1982),Comedy|Musical|Romance,587
1385,Under Siege (1992),Action|Drama|Thriller,588
1387,Jaws (1975),Action|Horror,589
1388,Jaws 2 (1978),Horror|Thriller,590
1391,Mars Attacks! (1996),Action|Comedy|Sci-Fi,591
1393,Jerry Maguire (1996),Drama|Romance,592
1394,Raising Arizona (1987),Comedy,593
1396,Sneakers (1992),Action|Comedy|Crime|Drama|Sci-Fi,594
1405,Beavis and Butt-Head Do America (1996),Adventure|Animation|Comedy|Crime,595
1407,Scream (1996),Comedy|Horror|Mystery|Thriller,596
1408,"Last of the Mohicans, The (1992)",Action|Romance|War|Western,597
1409,Michael (1996),Comedy|Drama|Fantasy|Romance,598
1411,Hamlet (1996),Crime|Drama|Romance,599
1416,Evita (1996),Drama|Musical,600
1429,First Strike (Police Story 4: First Strike) (Ging chaat goo si 4: Ji gaan daan yam mo) (1996),Action|Adventure|Comedy|Thriller,601
1431,Beverly Hills Ninja (1997),Action|Comedy,602
1438,Dante's Peak (1997),Action|Thriller,603
1441,Benny & Joon (1993),Comedy|Romance,604
1449,Waiting for Guffman (1996),Comedy,605
1457,Fools Rush In (1997),Comedy|Drama|Romance,606
1459,Absolute Power (1997),Mystery|Thriller,607
1464,Lost Highway (1997),Crime|Drama|Fantasy|Film-Noir|Mystery|Romance,608
1466,Donnie Brasco (1997),Crime|Drama,609
1474,Jungle2Jungle (a.k.a. Jungle 2 Jungle) (1997),Children|Comedy,610
1476,Private Parts (1997),Comedy|Drama,611
1479,"Saint, The (1997)",Action|Romance|Sci-Fi|Thriller,612
1480,Smilla's Sense of Snow (1997),Drama|Thriller,613
1483,Crash (1996),Drama|Thriller,614
1485,Liar Liar (1997),Comedy,615
1488,"Devil's Own, The (1997)",Action|Drama|Thriller,616
1499,Anaconda (1997),Action|Adventure|Thriller,617
1500,Grosse Pointe Blank (1997),Comedy|Crime|Romance,618
1513,Romy and Michele's High School Reunion (1997),Comedy,619
1515,Volcano (1997),Action|Drama|Thriller,620
1517,Austin Powers: International Man of Mystery (1997),Action|Adventure|Comedy,621
1518,Breakdown (1997),Action|Thriller,622
1527,"Fifth Element, The (1997)",Action|Adventure|Comedy|Sci-Fi,623
1537,Shall We Dance? (Shall We Dansu?) (1996),Comedy|Drama|Romance,624
1541,Addicted to Love (1997),Comedy|Romance,625
1544,"Lost World: Jurassic Park, The (1997)",Action|Adventure|Sci-Fi|Thriller,626
1552,Con Air (1997),Action|Adventure|Thriller,627
1556,Speed 2: Cruise Control (1997),Action|Romance|Thriller,628
1562,Batman & Robin (1997),Action|Adventure|Fantasy|Thriller,629
1566,Hercules (1997),Adventure|Animation|Children|Comedy|Musical,630
1569,My Best Friend's Wedding (1997),Comedy|Romance,631
1573,Face/Off (1997),Action|Crime|Drama|Thriller,632
1580,Men in Black (a.k.a. MIB) (1997),Action|Comedy|Sci-Fi,633
1584,Contact (1997),Drama|Sci-Fi,634
1586,G.I. Jane (1997),Action|Drama,635
1587,Conan the Barbarian (1982),Action|Adventure|Fantasy,636
1588,George of the Jungle (1997),Children|Comedy,637
1589,Cop Land (1997),Action|Crime|Drama|Thriller,638
1590,Event Horizon (1997),Horror|Sci-Fi|Thriller,639
1591,Spawn (1997),Action|Adventure|Sci-Fi|Thriller,640
1597,Conspiracy Theory (1997),Drama|Mystery|Romance|Thriller,641
1603,Mimic (1997),Horror|Sci-Fi|Thriller,642
1608,Air Force One (1997),Action|Thriller,643
1610,"Hunt for Red October, The (1990)",Action|Adventure|Thriller,644
1614,In & Out (1997),Comedy,645
1615,"Edge, The (1997)",Adventure|Drama,646
1616,"Peacemaker, The (1997)",Action|Thriller|War,647
1617,L.A. Confidential (1997),Crime|Film-Noir|Mystery|Thriller,648
1619,Seven Years in Tibet (1997),Adventure|Drama|War,649
1620,Kiss the Girls (1997),Crime|Drama|Mystery|Thriller,650
1625,"Game, The (1997)",Drama|Mystery|Thriller,651
1635,"Ice Storm, The (1997)",Drama,652
1639,Chasing Amy (1997),Comedy|Drama|Romance,653
1641,"Full Monty, The (1997)",Comedy|Drama,654
1644,I Know What You Did Last Summer (1997),Horror|Mystery|Thriller,655
1645,The Devil's Advocate (1997),Drama|Mystery|Thriller,656
1653,Gattaca (1997),Drama|Sci-Fi|Thriller,657
1663,Stripes (1981),Comedy|War,658
1665,Bean (1997),Comedy,659
1672,"Rainmaker, The (1997)",Drama,660
1673,Boogie Nights (1997),Drama,661
1674,Witness (1985),Drama|Romance|Thriller,662
1676,Starship Troopers (1997),Action|Sci-Fi,663
1678,"Joy Luck Club, The (1993)",Drama|Romance,664
1680,Sliding Doors (1998),Drama|Romance,665
1682,"Truman Show, The (1998)",Comedy|Drama|Sci-Fi,666
1687,"Jackal, The (1997)",Action|Thriller,667
1688,Anastasia (1997),Adventure|Animation|Children|Drama|Musical,668
1690,Alien: Resurrection (1997),Action|Horror|Sci-Fi,669
1693,Amistad (1997),Drama|Mystery,670
1702,Flubber (1997),Children|Comedy|Fantasy,671
1704,Good Will Hunting (1997),Drama|Romance,672
1711,Midnight in the Garden of Good and Evil (1997),Crime|Drama|Mystery,673
1717,Scream 2 (1997),Comedy|Horror|Mystery|Thriller,674
1719,"Sweet Hereafter, The (1997)",Drama,675
1721,Titanic (1997),Drama|Romance,676
1722,Tomorrow Never Dies (1997),Action|Adventure|Thriller,677
1726,"Postman, The (1997)",Action|Adventure|Drama|Sci-Fi,678
1729,Jackie Brown (1997),Crime|Drama|Thriller,679
1732,"Big Lebowski, The (1998)",Comedy|Crime,680
1735,Great Expectations (1998),Drama|Romance,681
1747,Wag the Dog (1997),Comedy,682
1748,Dark City (1998),Adventure|Film-Noir|Sci-Fi|Thriller,683
1753,Half Baked (1998),Comedy,684
1754,Fallen (1998),Crime|Drama|Fantasy|Thriller,685
1760,Spice World (1997),Comedy,686
1769,"Replacement Killers, The (1998)",Action|Crime|Thriller,687
1772,Blues Brothers 2000 (1998),Action|Comedy|Musical,688
1777,"Wedding Singer, The (1998)",Comedy|Romance,689
1779,Sphere (1998),Sci-Fi|Thriller,690
1784,As Good as It Gets (1997),Comedy|Drama|Romance,691
1792,U.S. Marshals (1998),Action|Crime|Thriller,692
1799,Suicide Kings (1997),Comedy|Crime|Drama|Mystery|Thriller,693
1801,"Man in the Iron Mask, The (1998)",Action|Adventure|Drama,694
1805,Wild Things (1998),Crime|Drama|Mystery|Thriller,695
1810,Primary Colors (1998),Comedy|Drama,696
1831,Lost in Space (1998),Action|Adventure|Sci-Fi,697
1833,Mercury Rising (1998),Action|Drama|Thriller,698
1834,"Spanish Prisoner, The (1997)",Crime|Drama|Mystery|Thriller,699
1835,City of Angels (1998),Drama|Fantasy|Romance,700
1845,Zero Effect (1998),Comedy|Mystery|Thriller,701
1848,"Borrowers, The (1997)",Adventure|Children|Comedy|Fantasy,702
1873,"Misérables, Les (1998)",Crime|Drama|Romance|War,703
1876,Deep Impact (1998),Drama|Sci-Fi|Thriller,704
1882,Godzilla (1998),Action|Sci-Fi|Thriller,705
1883,Bulworth (1998),Comedy|Drama|Romance,706
1884,Fear and Loathing in Las Vegas (1998),Adventure|Comedy|Drama,707
1885,"Opposite of Sex, The (1998)",Comedy|Drama|Romance,708
1892,"Perfect Murder, A (1998)",Thriller,709
1894,Six Days Seven Nights (1998),Adventure|Comedy|Romance,710
1895,Can't Hardly Wait (1998),Comedy|Drama|Romance,711
1907,Mulan (1998),Adventure|Animation|Children|Comedy|Drama|Musical|Romance,712
1909,"X-Files: Fight the Future, The (1998)",Action|Crime|Mystery|Sci-Fi|Thriller,713
1911,Dr. Dolittle (1998),Comedy,714
1912,Out of Sight (1998),Comedy|Crime|Drama|Romance|Thriller,715
1916,Buffalo '66 (a.k.a. Buffalo 66) (1998),Drama|Romance,716
1917,Armageddon (1998),Action|Romance|Sci-Fi|Thriller,717
1918,Lethal Weapon 4 (1998),Action|Comedy|Crime|Thriller,718
1920,Small Soldiers (1998),Animation|Children|Fantasy|War,719
1921,Pi (1998),Drama|Sci-Fi|Thriller,720
1923,There's Something About Mary (1998),Comedy|Romance,721
1927,All Quiet on the Western Front (1930),Action|Drama|War,722
1944,From Here to Eternity (1953),Drama|Romance|War,723
1945,On the Waterfront (1954),Crime|Drama,724
1947,West Side Story (1961),Drama|Musical|Romance,725
1950,In the Heat of the Night (1967),Drama|Mystery,726
1952,Midnight Cowboy (1969),Drama,727
1953,"French Connection, The (1971)",Action|Crime|Thriller,728
1954,Rocky (1976),Drama,729
1955,Kramer vs. Kramer (1979),Drama,730
1956,Ordinary People (1980),Drama,731
1957,Chariots of Fire (1981),Drama,732
1958,Terms of Endearment (1983),Comedy|Drama,733
1959,Out of Africa (1985),Drama|Romance,734
1960,"Last Emperor, The (1987)",Drama,735
1961,Rain Man (1988),Drama,736
1962,Driving Miss Daisy (1989),Drama,737
1963,Take the Money and Run (1969),Comedy|Crime,738
1965,Repo Man (1984),Comedy|Sci-Fi,739
1967,Labyrinth (1986),Adventure|Fantasy|Musical,740
1968,"Breakfast Club, The (1985)",Comedy|Drama,741
1969,"Nightmare on Elm Street 2: Freddy's Revenge, A (1985)",Horror,742
1970,"Nightmare on Elm Street 3: Dream Warriors, A (1987)",Horror|Thriller,743
1974,Friday the 13th (1980),Horror|Mystery|Thriller,744
1982,Halloween (1978),Horror,745
1991,Child's Play (1988),Horror|Thriller,746
1994,Poltergeist (1982),Horror|Thriller,747
1997,"Exorcist, The (1973)",Horror|Mystery,748
2000,Lethal Weapon (1987),Action|Comedy|Crime|Drama,749
2001,Lethal Weapon 2 (1989),Action|Comedy|Crime|Drama,750
2002,Lethal Weapon 3 (1992),Action|Comedy|Crime|Drama,751
2003,Gremlins (1984),Comedy|Horror,752
2004,Gremlins 2: The New Batch (1990),Comedy|Horror,753
2005,"Goonies, The (1985)",Action|Adventure|Children|Comedy|Fantasy,754
2006,"Mask of Zorro, The (1998)",Action|Comedy|Romance,755
2009,Soylent Green (1973),Drama|Mystery|Sci-Fi|Thriller,756
2010,Metropolis (1927),Drama|Sci-Fi,757
2011,Back to the Future Part II (1989),Adventure|Comedy|Sci-Fi,758
2012,Back to the Future Part III (1990),Adventure|Comedy|Sci-Fi|Western,759
2013,"Poseidon Adventure, The (1972)",Action|Adventure|Drama,760
2018,Bambi (1942),Animation|Children|Drama,761
2019,Seven Samurai (Shichinin no samurai) (1954),Action|Adventure|Drama,762
2020,Dangerous Liaisons (1988),Drama|Romance,763
2021,Dune (1984),Adventure|Sci-Fi,764
2023,"Godfather: Part III, The (1990)",Crime|Drama|Mystery|Thriller,765
2028,Saving Private Ryan (1998),Action|Drama|War,766
2046,Flight of the Navigator (1986),Adventure|Children|Sci-Fi,767
2052,Hocus Pocus (1993),Children|Comedy|Fantasy|Horror,768
2053,"Honey, I Blew Up the Kid (1992)",Children|Comedy|Sci-Fi,769
2054,"Honey, I Shrunk the Kids (1989)",Adventure|Children|Comedy|Fantasy|Sci-Fi,770
2058,"Negotiator, The (1998)",Action|Crime|Drama|Mystery|Thriller,771
2059,"Parent Trap, The (1998)",Children|Comedy|Romance,772
2060,BASEketball (1998),Comedy,773
2064,Roger & Me (1989),Documentary,774
2065,"Purple Rose of Cairo, The (1985)",Comedy|Drama|Fantasy|Romance,775
2067,Doctor Zhivago (1965),Drama|Romance|War,776
2072,"'burbs, The (1989)",Comedy,777
2076,Blue Velvet (1986),Drama|Mystery|Thriller,778
2078,"Jungle Book, The (1967)",Animation|Children|Comedy|Musical,779
2080,Lady and the Tramp (1955),Animation|Children|Comedy|Romance,780
2081,"Little Mermaid, The (1989)",Animation|Children|Comedy|Musical|Romance,781
2082,"Mighty Ducks, The (1992)",Children|Comedy,782
2083,"Muppet Christmas Carol, The (1992)",Children|Comedy|Musical,783
2085,101 Dalmatians (One Hundred and One Dalmatians) (1961),Adventure|Animation|Children,784
2087,Peter Pan (1953),Animation|Children|Fantasy|Musical,785
2088,Popeye (1980),Adventure|Comedy|Musical,786
2089,"Rescuers Down Under, The (1990)",Adventure|Animation|Children,787
2090,"Rescuers, The (1977)",Adventure|Animation|Children|Crime|Drama,788
2094,"Rocketeer, The (1991)",Action|Adventure|Sci-Fi,789
2096,Sleeping Beauty (1959),Animation|Children|Musical,790
2097,Something Wicked This Way Comes (1983),Children|Drama|Fantasy|Mystery|Thriller,791
2100,Splash (1984),Comedy|Fantasy|Romance,792
2105,Tron (1982),Action|Adventure|Sci-Fi,793
2108,L.A. Story (1991),Comedy|Romance,794
2109,"Jerk, The (1979)",Comedy,795
2110,Dead Men Don't Wear Plaid (1982),Comedy|Crime|Thriller,796
2111,"Man with Two Brains, The (1983)",Comedy,797
2114,"Outsiders, The (1983)",Drama,798
2115,Indiana Jones and the Temple of Doom (1984),Action|Adventure|Fantasy,799
2116,"Lord of the Rings, The (1978)",Adventure|Animation|Children|Fantasy,800
2117,1984 (Nineteen Eighty-Four) (1984),Drama|Sci-Fi,801
2118,"Dead Zone, The (1983)",Thriller,802
2122,Children of the Corn (1984),Horror|Thriller,803
2123,All Dogs Go to Heaven (1989),Animation|Children|Comedy|Drama|Fantasy,804
2124,"Addams Family, The (1991)",Children|Comedy|Fantasy,805
2125,Ever After: A Cinderella Story (1998),Comedy|Drama|Romance,806
2126,Snake Eyes (1998),Action|Crime|Mystery|Thriller,807
2133,Adventures in Babysitting (1987),Adventure|Comedy,808
2134,Weird Science (1985),Comedy|Fantasy|Sci-Fi,809
2135,Doctor Dolittle (1967),Adventure|Children|Musical,810
2136,"Nutty Professor, The (1963)",Comedy|Sci-Fi,811
2137,Charlotte's Web (1973),Animation|Children,812
2138,Watership Down (1978),Adventure|Animation|Children|Drama|Fantasy,813
2139,"Secret of NIMH, The (1982)",Adventure|Animation|Children|Drama,814
2140,"Dark Crystal, The (1982)",Adventure|Fantasy,815
2141,"American Tail, An (1986)",Adventure|Animation|Children|Comedy,816
2142,"American Tail: Fievel Goes West, An (1991)",Adventure|Animation|Children|Musical|Western,817
2143,Legend (1985),Adventure|Fantasy|Romance,818
2144,Sixteen Candles (1984),Comedy|Romance,819
2145,Pretty in Pink (1986),Comedy|Drama|Romance,820
2146,St. Elmo's Fire (1985),Drama|Romance,821
2150,"Gods Must Be Crazy, The (1980)",Adventure|Comedy,822
2153,"Avengers, The (1998)",Action|Adventure,823
2160,Rosemary's Baby (1968),Drama|Horror|Thriller,824
2161,"NeverEnding Story, The (1984)",Adventure|Children|Fantasy,825
2167,Blade (1998),Action|Horror|Thriller,826
2174,Beetlejuice (1988),Comedy|Fantasy,827
2176,Rope (1948),Crime|Drama|Thriller,828
2186,Strangers on a Train (1951),Crime|Drama|Film-Noir|Thriller,829
2193,Willow (1988),Action|Adventure|Fantasy,830
2194,"Untouchables, The (1987)",Action|Crime|Drama,831
2231,Rounders (1998),Drama,832
2232,Cube (1997),Horror|Mystery|Sci-Fi|Thriller,833
2243,Broadcast News (1987),Comedy|Drama|Romance,834
2245,Working Girl (1988),Comedy|Drama|Romance,835
2247,Married to the Mob (1988),Comedy,836
2248,Say Anything... (1989),Comedy|Drama|Romance,837
2249,My Blue Heaven (1990),Comedy,838
2253,Toys (1992),Comedy|Fantasy,839
2268,"Few Good Men, A (1992)",Crime|Drama|Thriller,840
2273,Rush Hour (1998),Action|Comedy|Crime|Thriller,841
2278,Ronin (1998),Action|Crime|Thriller,842
2279,Urban Legend (1998),Horror|Thriller,843
2288,"Thing, The (1982)",Action|Horror|Sci-Fi|Thriller,844
2289,"Player, The (1992)",Comedy|Crime|Drama,845
2291,Edward Scissorhands (1990),Drama|Fantasy|Romance,846
2294,Antz (1998),Adventure|Animation|Children|Comedy|Fantasy,847
2296,"Night at the Roxbury, A (1998)",Comedy,848
2297,What Dreams May Come (1998),Adventure|Drama|Fantasy|Romance,849
2300,"Producers, The (1968)",Comedy,850
2301,History of the World: Part I (1981),Comedy|Musical,851
2302,My Cousin Vinny (1992),Comedy,852
2311,2010: The Year We Make Contact (1984),Sci-Fi,853
2312,Children of a Lesser God (1986),Drama,854
2313,"Elephant Man, The (1980)",Drama,855
2318,Happiness (1998),Comedy|Drama,856
2321,Pleasantville (1998),Comedy|Drama|Fantasy,857
2324,Life Is Beautiful (La Vita è bella) (1997),Comedy|Drama|Romance|War,858
2325,Orgazmo (1997),Comedy,859
2329,American History X (1998),Crime|Drama,860
2334,"Siege, The (1998)",Action|Thriller,861
2335,"Waterboy, The (1998)",Comedy,862
2336,Elizabeth (1998),Drama,863
2338,I Still Know What You Did Last Summer (1998),Horror|Mystery|Thriller,864
2340,Meet Joe Black (1998),Romance,865
2346,"Stepford Wives, The (1975)",Mystery|Sci-Fi|Thriller,866
2352,"Big Chill, The (1983)",Comedy|Drama,867
2353,Enemy of the State (1998),Action|Thriller,868
2355,"Bug's Life, A (1998)",Adventure|Animation|Children|Comedy,869
2359,Waking Ned Devine (a.k.a. Waking Ned) (1998),Comedy,870
2360,"Celebration, The (Festen) (1998)",Drama,871
2361,Pink Flamingos (1972),Comedy,872
2366,King Kong (1933),Action|Adventure|Fantasy|Horror,873
2367,King Kong (1976),Adventure|Fantasy|Romance|Sci-Fi|Thriller,874
2369,Desperately Seeking Susan (1985),Comedy|Drama|Romance,875
2371,Fletch (1985),Comedy|Crime|Mystery,876
2375,"Money Pit, The (1986)",Comedy,877
2376,"View to a Kill, A (1985)",Action|Adventure|Thriller,878
2378,Police Academy (1984),Comedy|Crime,879
2379,Police Academy 2: Their First Assignment (1985),Comedy|Crime,880
2380,Police Academy 3: Back in Training (1986),Comedy|Crime,881
2384,Babe: Pig in the City (1998),Adventure|Children|Drama,882
2387,Very Bad Things (1998),Comedy|Crime,883
2391,"Simple Plan, A (1998)",Crime|Drama|Thriller,884
2393,Star Trek: Insurrection (1998),Action|Drama|Romance|Sci-Fi,885
2394,"Prince of Egypt, The (1998)",Animation|Musical,886
2395,Rushmore (1998),Comedy|Drama,887
2396,Shakespeare in Love (1998),Comedy|Drama|Romance,888
2398,Miracle on 34th Street (1947),Comedy|Drama,889
2402,Rambo: First Blood Part II (1985),Action|Adventure|Thriller,890
2403,First Blood (Rambo: First Blood) (1982),Action|Adventure|Drama|Thriller,891
2404,Rambo III (1988),Action|Adventure|Thriller|War,892
2405,"Jewel of the Nile, The (1985)",Action|Adventure|Comedy|Romance,893
2406,Romancing the Stone (1984),Action|Adventure|Comedy|Romance,894
2407,Cocoon (1985),Comedy|Sci-Fi,895
2409,Rocky II (1979),Action|Drama,896
2410,Rocky III (1982),Action|Drama,897
2411,Rocky IV (1985),Action|Drama,898
2412,Rocky V (1990),Action|Drama,899
2413,Clue (1985),Comedy|Crime|Mystery|Thriller,900
2414,Young Sherlock Holmes (1985),Action|Adventure|Children|Fantasy|Mystery|Thriller,901
2416,Back to School (1986),Comedy,902
2420,"Karate Kid, The (1984)",Drama,903
2421,"Karate Kid, Part II, The (1986)",Action|Adventure|Drama,904
2422,"Karate Kid, Part III, The (1989)",Action|Adventure|Children|Drama,905
2423,Christmas Vacation (National Lampoon's Christmas Vacation) (1989),Comedy,906
2424,You've Got Mail (1998),Comedy|Romance,907
2427,"Thin Red Line, The (1998)",Action|Drama|War,908
2428,"Faculty, The (1998)",Horror|Sci-Fi,909
2431,Patch Adams (1998),Comedy|Drama,910
2433,"Civil Action, A (1998)",Drama,911
2447,Varsity Blues (1999),Comedy|Drama,912
2450,Howard the Duck (1986),Adventure|Comedy|Sci-Fi,913
2454,"Fly, The (1958)",Horror|Mystery|Sci-Fi,914
2455,"Fly, The (1986)",Drama|Horror|Sci-Fi|Thriller,915
2459,"Texas Chainsaw Massacre, The (1974)",Horror,916
2463,Ruthless People (1986),Comedy,917
2467,"Name of the Rose, The (Name der Rose, Der) (1986)",Crime|Drama|Mystery|Thriller,918
2468,Jumpin' Jack Flash (1986),Action|Comedy|Romance|Thriller,919
2470,Crocodile Dundee (1986),Adventure|Comedy,920
2471,Crocodile Dundee II (1988),Action|Adventure|Comedy,921
2474,"Color of Money, The (1986)",Drama,922
2476,Heartbreak Ridge (1986),Action|War,923
2478,¡Three Amigos! (1986),Comedy|Western,924
2485,She's All That (1999),Comedy|Romance,925
2490,Payback (1999),Action|Thriller,926
2496,Blast from the Past (1999),Comedy|Romance,927
2501,October Sky (1999),Drama,928
2502,Office Space (1999),Comedy|Crime,929
2505,8MM (1999),Drama|Mystery|Thriller,930
2513,Pet Sematary (1989),Horror,931
2517,Christine (1983),Horror,932
2518,Night Shift (1982),Comedy,933
2527,Westworld (1973),Action|Sci-Fi|Thriller|Western,934
2528,Logan's Run (1976),Action|Adventure|Sci-Fi,935
2529,Planet of the Apes (1968),Action|Drama|Sci-Fi,936
2530,Beneath the Planet of the Apes (1970),Action|Sci-Fi,937
2532,Conquest of the Planet of the Apes (1972),Action|Sci-Fi,938
2533,Escape from the Planet of the Apes (1971),Action|Sci-Fi,939
2539,Analyze This (1999),Comedy,940
2541,Cruel Intentions (1999),Drama,941
2542,"Lock, Stock & Two Smoking Barrels (1998)",Comedy|Crime|Thriller,942
2565,"King and I, The (1956)",Drama|Musical|Romance,943
2567,EDtv (1999),Comedy,944
2571,"Matrix, The (1999)",Action|Sci-Fi|Thriller,945
2572,10 Things I Hate About You (1999),Comedy|Romance,946
2580,Go (1999),Comedy|Crime,947
2581,Never Been Kissed (1999),Comedy|Romance,948
2583,Cookie's Fortune (1999),Comedy|Drama,949
2594,Open Your Eyes (Abre los ojos) (1997),Drama|Romance|Sci-Fi|Thriller,950
2596,SLC Punk! (1998),Comedy|Drama,951
2598,Pushing Tin (1999),Comedy,952
2599,Election (1999),Comedy,953
2600,eXistenZ (1999),Action|Sci-Fi|Thriller,954
2605,Entrapment (1999),Crime|Thriller,955
2606,Idle Hands (1999),Comedy|Horror,956
2616,Dick Tracy (1990),Action|Crime,957
2617,"Mummy, The (1999)",Action|Adventure|Comedy|Fantasy|Horror|Thriller,958
2622,William Shakespeare's A Midsummer Night's Dream (1999),Comedy|Fantasy,959
2628,Star Wars: Episode I - The Phantom Menace (1999),Action|Adventure|Sci-Fi,960
2640,Superman (1978),Action|Adventure|Sci-Fi,961
2641,Superman II (1980),Action|Sci-Fi,962
2642,Superman III (1983),Action|Adventure|Sci-Fi,963
2643,Superman IV: The Quest for Peace (1987),Action|Adventure|Sci-Fi,964
2648,Frankenstein (1931),Drama|Horror|Sci-Fi,965
2657,"Rocky Horror Picture Show, The (1975)",Comedy|Horror|Musical|Sci-Fi,966
2662,"War of the Worlds, The (1953)",Action|Drama|Sci-Fi,967
2664,Invasion of the Body Snatchers (1956),Horror|Sci-Fi|Thriller,968
2671,Notting Hill (1999),Comedy|Romance,969
2672,"Thirteenth Floor, The (1999)",Drama|Sci-Fi|Thriller,970
2683,Austin Powers: The Spy Who Shagged Me (1999),Action|Adventure|Comedy,971
2686,"Red Violin, The (Violon rouge, Le) (1998)",Drama|Mystery,972
2687,Tarzan (1999),Adventure|Animation|Children|Drama,973
2688,"General's Daughter, The (1999)",Crime|Drama|Mystery|Thriller,974
2690,"Ideal Husband, An (1999)",Comedy|Romance,975
2692,Run Lola Run (Lola rennt) (1998),Action|Crime,976
2694,Big Daddy (1999),Comedy,977
2699,Arachnophobia (1990),Comedy|Horror,978
2700,"South Park: Bigger, Longer and Uncut (1999)",Animation|Comedy|Musical,979
2701,Wild Wild West (1999),Action|Comedy|Sci-Fi|Western,980
2702,Summer of Sam (1999),Drama,981
2706,American Pie (1999),Comedy|Romance,982
2707,Arlington Road (1999),Thriller,983
2710,"Blair Witch Project, The (1999)",Drama|Horror|Thriller,984
2712,Eyes Wide Shut (1999),Drama|Mystery|Thriller,985
2713,Lake Placid (1999),Horror|Thriller,986
2716,Ghostbusters (a.k.a. Ghost Busters) (1984),Action|Comedy|Sci-Fi,987
2717,Ghostbusters II (1989),Comedy|Fantasy|Sci-Fi,988
2718,Drop Dead Gorgeous (1999),Comedy,989
2719,"Haunting, The (1999)",Horror|Thriller,990
2720,Inspector Gadget (1999),Action|Adventure|Children|Comedy,991
2722,Deep Blue Sea (1999),Action|Horror|Sci-Fi|Thriller,992
2723,Mystery Men (1999),Action|Comedy|Fantasy,993
2724,Runaway Bride (1999),Comedy|Romance,994
2728,Spartacus (1960),Action|Drama|Romance|War,995
2731,"400 Blows, The (Les quatre cents coups) (1959)",Crime|Drama,996
2734,"Mosquito Coast, The (1986)",Adventure|Drama|Thriller,997
2735,"Golden Child, The (1986)",Action|Adventure|Comedy|Fantasy|Mystery,998
2739,"Color Purple, The (1985)",Drama,999
2746,Little Shop of Horrors (1986),Comedy|Horror|Musical,1000
2761,"Iron Giant, The (1999)",Adventure|Animation|Children|Drama|Sci-Fi,1001
2762,"Sixth Sense, The (1999)",Drama|Horror|Mystery,1002
2763,"Thomas Crown Affair, The (1999)",Action|Mystery,1003
2770,Bowfinger (1999),Comedy,1004
2772,Detroit Rock City (1999),Comedy,1005
2779,Heaven Can Wait (1978),Comedy,1006
2788,Monty Python's And Now for Something Completely Different (1971),Comedy,1007
2791,Airplane! (1980),Comedy,1008
2792,Airplane II: The Sequel (1982),Comedy,1009
2793,"American Werewolf in Paris, An (1997)",Comedy|Horror|Romance|Thriller,1010
2794,European Vacation (aka National Lampoon's European Vacation) (1985),Adventure|Comedy|Romance,1011
2795,National Lampoon's Vacation (1983),Comedy,1012
2796,Funny Farm (1988),Comedy,1013
2797,Big (1988),Comedy|Drama|Fantasy|Romance,1014
2798,Problem Child (1990),Children|Comedy,1015
2802,Tequila Sunrise (1988),Action|Drama|Romance|Thriller,1016
2803,"Pelican Brief, The (1993)",Crime|Drama|Mystery|Romance|Thriller,1017
2804,"Christmas Story, A (1983)",Children|Comedy,1018
2805,Mickey Blue Eyes (1999),Comedy|Romance,1019
2808,Universal Soldier (1992),Action|Sci-Fi,1020
2819,Three Days of the Condor (3 Days of the Condor) (1975),Drama|Mystery|Romance|Thriller,1021
2822,Medicine Man (1992),Adventure|Romance,1022
2826,"13th Warrior, The (1999)",Action|Adventure|Fantasy,1023
2827,"Astronaut's Wife, The (1999)",Horror|Sci-Fi|Thriller,1024
2840,Stigmata (1999),Drama|Thriller,1025
2841,Stir of Echoes (1999),Horror|Mystery|Thriller,1026
2857,Yellow Submarine (1968),Adventure|Animation|Comedy|Fantasy|Musical,1027
2858,American Beauty (1999),Drama|Romance,1028
2863,"Hard Day's Night, A (1964)",Adventure|Comedy|Musical,1029
2867,Fright Night (1985),Comedy|Horror|Thriller,1030
2871,Deliverance (1972),Adventure|Drama|Thriller,1031
2872,Excalibur (1981),Adventure|Fantasy,1032
2875,Sommersby (1993),Drama|Mystery|Romance,1033
2881,Double Jeopardy (1999),Action|Crime|Drama|Thriller,1034
2890,Three Kings (1999),Action|Adventure|Comedy|Drama|War,1035
2901,Phantasm (1979),Horror|Sci-Fi,1036
2908,Boys Don't Cry (1999),Drama,1037
2912,"Limey, The (1999)",Crime|Drama|Thriller,1038
2915,Risky Business (1983),Comedy,1039
2916,Total Recall (1990),Action|Adventure|Sci-Fi|Thriller,1040
2917,Body Heat (1981),Crime|Thriller,1041
2918,Ferris Bueller's Day Off (1986),Comedy,1042
2921,High Plains Drifter (1973),Western,1043
2924,Drunken Master (Jui kuen) (1978),Action|Comedy,1044
2926,Hairspray (1988),Comedy|Drama,1045
2942,Flashdance (1983),Drama|Romance,1046
2944,"Dirty Dozen, The (1967)",Action|Drama|War,1047
2947,Goldfinger (1964),Action|Adventure|Thriller,1048
2948,From Russia with Love (1963),Action|Adventure|Thriller,1049
2949,Dr. No (1962),Action|Adventure|Thriller,1050
2950,"Blue Lagoon, The (1980)",Adventure|Drama|Romance,1051
2951,"Fistful of Dollars, A (Per un pugno di dollari) (1964)",Action|Western,1052
2952,Sydney (Hard Eight) (1996),Crime|Drama|Thriller,1053
2953,Home Alone 2: Lost in New York (1992),Children|Comedy,1054
2959,Fight Club (1999),Action|Crime|Drama|Thriller,1055
2966,"Straight Story, The (1999)",Adventure|Drama,1056
2968,Time Bandits (1981),Adventure|Comedy|Fantasy|Sci-Fi,1057
2973,Crimes and Misdemeanors (1989),Comedy|Crime|Drama,1058
2985,RoboCop (1987),Action|Crime|Drama|Sci-Fi|Thriller,1059
2986,RoboCop 2 (1990),Action|Crime|Sci-Fi|Thriller,1060
2987,Who Framed Roger Rabbit? (1988),Adventure|Animation|Children|Comedy|Crime|Fantasy|Mystery,1061
2989,For Your Eyes Only (1981),Action|Adventure|Thriller,1062
2990,Licence to Kill (1989),Action|Adventure|Thriller,1063
2991,Live and Let Die (1973),Action|Adventure|Thriller,1064
2993,Thunderball (1965),Action|Adventure|Thriller,1065
2995,House on Haunted Hill (1999),Horror|Thriller,1066
2997,Being John Malkovich (1999),Comedy|Drama|Fantasy,1067
3000,Princess Mononoke (Mononoke-hime) (1997),Action|Adventure|Animation|Drama|Fantasy,1068
3004,"Bachelor, The (1999)",Comedy|Romance,1069
3005,"Bone Collector, The (1999)",Thriller,1070
3006,"Insider, The (1999)",Drama|Thriller,1071
3016,Creepshow (1982),Horror,1072
3018,Re-Animator (1985),Comedy|Horror|Sci-Fi,1073
3019,Drugstore Cowboy (1989),Crime|Drama,1074
3020,Falling Down (1993),Action|Drama,1075
3030,Yojimbo (1961),Action|Adventure,1076
3033,Spaceballs (1987),Comedy|Sci-Fi,1077
3034,Robin Hood (1973),Adventure|Animation|Children|Comedy|Musical,1078
3035,Mister Roberts (1955),Comedy|Drama|War,1079
3037,Little Big Man (1970),Western,1080
3039,Trading Places (1983),Comedy,1081
3044,Dead Again (1991),Mystery|Romance|Thriller,1082
3052,Dogma (1999),Adventure|Comedy|Fantasy,1083
3053,"Messenger: The Story of Joan of Arc, The (1999)",Drama|War,1084
3060,"Commitments, The (1991)",Comedy|Drama|Musical,1085
3062,"Longest Day, The (1962)",Action|Drama|War,1086
3067,Women on the Verge of a Nervous Breakdown (Mujeres al borde de un ataque de nervios) (1988),Comedy|Drama,1087
3070,"Adventures of Buckaroo Banzai Across the 8th Dimension, The (1984)",Adventure|Comedy|Sci-Fi,1088
3072,Moonstruck (1987),Comedy|Romance,1089
3081,Sleepy Hollow (1999),Fantasy|Horror|Mystery|Romance,1090
3082,"World Is Not Enough, The (1999)",Action|Adventure|Thriller,1091
3083,All About My Mother (Todo sobre mi madre) (1999),Drama,1092
3087,Scrooged (1988),Comedy|Fantasy|Romance,1093
3088,Harvey (1950),Comedy|Fantasy,1094
3089,Bicycle Thieves (a.k.a. The Bicycle Thief) (a.k.a. The Bicycle Thieves) (Ladri di biciclette) (1948),Drama,1095
3098,"Natural, The (1984)",Drama,1096
3100,"River Runs Through It, A (1992)",Drama,1097
3101,Fatal Attraction (1987),Drama|Thriller,1098
3104,Midnight Run (1988),Action|Comedy|Crime|Thriller,1099
3105,Awakenings (1990),Drama|Mystery,1100
3107,Backdraft (1991),Action|Drama,1101
3108,"Fisher King, The (1991)",Comedy|Drama|Fantasy|Romance,1102
3113,End of Days (1999),Action|Fantasy|Horror|Mystery|Thriller,1103
3114,Toy Story 2 (1999),Adventure|Animation|Children|Comedy|Fantasy,1104
3146,Deuce Bigalow: Male Gigolo (1999),Comedy,1105
3147,"Green Mile, The (1999)",Crime|Drama,1106
3148,"Cider House Rules, The (1999)",Drama,1107
3156,Bicentennial Man (1999),Drama|Romance|Sci-Fi,1108
3157,Stuart Little (1999),Children|Comedy|Fantasy,1109
3159,Fantasia 2000 (1999),Animation|Children|Musical|IMAX,1110
3160,Magnolia (1999),Drama,1111
3168,Easy Rider (1969),Adventure|Drama,1112
3173,Any Given Sunday (1999),Drama,1113
3174,Man on the Moon (1999),Comedy|Drama,1114
3175,Galaxy Quest (1999),Adventure|Comedy|Sci-Fi,1115
3176,"Talented Mr. Ripley, The (1999)",Drama|Mystery|Thriller,1116
3178,"Hurricane, The (1999)",Drama,1117
3186,"Girl, Interrupted (1999)",Drama,1118
3189,My Dog Skip (1999),Children|Drama,1119
3198,Papillon (1973),Crime|Drama,1120
3203,Dead Calm (1989),Thriller,1121
3210,Fast Times at Ridgemont High (1982),Comedy|Drama|Romance,1122
3213,Batman: Mask of the Phantasm (1993),Animation|Children,1123
3219,Pacific Heights (1990),Mystery|Thriller,1124
3243,Encino Man (1992),Comedy,1125
3244,"Goodbye Girl, The (1977)",Comedy|Romance,1126
3246,Malcolm X (1992),Drama,1127
3247,Sister Act (1992),Comedy|Crime,1128
3248,Sister Act 2: Back in the Habit (1993),Comedy,1129
3252,Scent of a Woman (1992),Drama,1130
3253,Wayne's World (1992),Comedy,1131
3254,Wayne's World 2 (1993),Comedy,1132
3255,"League of Their Own, A (1992)",Comedy|Drama,1133
3256,Patriot Games (1992),Action|Crime|Drama|Thriller,1134
3257,"Bodyguard, The (1992)",Drama|Romance|Thriller,1135
3258,Death Becomes Her (1992),Comedy|Fantasy,1136
3259,Far and Away (1992),Adventure|Drama|Romance,1137
3260,Howards End (1992),Drama,1138
3261,Singles (1992),Comedy|Drama|Romance,1139
3262,Twin Peaks: Fire Walk with Me (1992),Crime|Drama|Mystery|Thriller,1140
3263,White Men Can't Jump (1992),Comedy|Drama,1141
3264,Buffy the Vampire Slayer (1992),Action|Comedy|Horror,1142
3267,"Mariachi, El (1992)",Action|Crime|Thriller|Western,1143
3268,Stop! Or My Mom Will Shoot (1992),Action|Comedy,1144
3269,Forever Young (1992),Drama|Romance|Sci-Fi,1145
3270,"Cutting Edge, The (1992)",Comedy|Drama|Romance,1146
3271,Of Mice and Men (1992),Drama,1147
3273,Scream 3 (2000),Comedy|Horror|Mystery|Thriller,1148
3274,Single White Female (1992),Drama|Thriller,1149
3275,"Boondock Saints, The (2000)",Action|Crime|Drama|Thriller,1150
3285,"Beach, The (2000)",Adventure|Drama,1151
3298,Boiler Room (2000),Crime|Drama|Thriller,1152
3300,Pitch Black (2000),Horror|Sci-Fi|Thriller,1153
3301,"Whole Nine Yards, The (2000)",Comedy|Crime,1154
3307,City Lights (1931),Comedy|Drama|Romance,1155
3316,Reindeer Games (2000),Action|Thriller,1156
3317,Wonder Boys (2000),Comedy|Drama,1157
3328,Ghost Dog: The Way of the Samurai (1999),Crime|Drama,1158
3334,Key Largo (1948),Crime|Drama|Film-Noir|Thriller,1159
3354,Mission to Mars (2000),Sci-Fi,1160
3355,"Ninth Gate, The (1999)",Fantasy|Horror|Mystery|Thriller,1161
3358,Defending Your Life (1991),Comedy|Drama|Fantasy|Romance,1162
3359,Breaking Away (1979),Comedy|Drama,1163
3360,Hoosiers (a.k.a. Best Shot) (1986),Drama|Romance,1164
3361,Bull Durham (1988),Comedy|Drama|Romance,1165
3362,Dog Day Afternoon (1975),Crime|Drama,1166
3363,American Graffiti (1973),Comedy|Drama,1167
3386,JFK (1991),Drama|Mystery|Thriller,1168
3388,Harry and the Hendersons (1987),Children|Comedy,1169
3396,"Muppet Movie, The (1979)",Adventure|Children|Comedy|Musical,1170
3397,"Great Muppet Caper, The (1981)",Children|Comedy,1171
3398,"Muppets Take Manhattan, The (1984)",Children|Comedy|Musical,1172
3408,Erin Brockovich (2000),Drama,1173
3409,Final Destination (2000),Drama|Thriller,1174
3418,Thelma & Louise (1991),Adventure|Crime|Drama,1175
3421,Animal House (1978),Comedy,1176
3424,Do the Right Thing (1989),Drama,1177
3429,Creature Comforts (1989),Animation|Comedy,1178
3435,Double Indemnity (1944),Crime|Drama|Film-Noir,1179
3438,Teenage Mutant Ninja Turtles (1990),Action|Children|Comedy|Fantasy|Sci-Fi,1180
3439,Teenage Mutant Ninja Turtles II: The Secret of the Ooze (1991),Action|Children|Fantasy,1181
3440,Teenage Mutant Ninja Turtles III (1993),Action|Adventure|Children|Comedy|Fantasy,1182
3441,Red Dawn (1984),Action|Drama|War,1183
3448,"Good Morning, Vietnam (1987)",Comedy|Drama|War,1184
3450,Grumpy Old Men (1993),Comedy,1185
3451,Guess Who's Coming to Dinner (1967),Drama,1186
3452,Romeo Must Die (2000),Action|Crime|Romance|Thriller,1187
3461,Lord of the Flies (1963),Adventure|Drama|Thriller,1188
3462,Modern Times (1936),Comedy|Drama|Romance,1189
3468,"Hustler, The (1961)",Drama,1190
3471,Close Encounters of the Third Kind (1977),Adventure|Drama|Sci-Fi,1191
3476,Jacob's Ladder (1990),Horror|Mystery,1192
3477,Empire Records (1995),Comedy|Drama,1193
3479,Ladyhawke (1985),Adventure|Fantasy|Romance,1194
3481,High Fidelity (2000),Comedy|Drama|Romance,1195
3483,"Road to El Dorado, The (2000)",Animation|Children,1196
3484,"Skulls, The (2000)",Thriller,1197
3489,Hook (1991),Adventure|Comedy|Fantasy,1198
3499,Misery (1990),Drama|Horror|Thriller,1199
3503,Solaris (Solyaris) (1972),Drama|Mystery|Sci-Fi,1200
3504,Network (1976),Comedy|Drama,1201
3507,"Odd Couple, The (1968)",Comedy,1202
3508,"Outlaw Josey Wales, The (1976)",Action|Adventure|Drama|Thriller|Western,1203
3510,Frequency (2000),Drama|Thriller,1204
3524,Arthur (1981),Comedy|Romance,1205
3526,Parenthood (1989),Comedy|Drama,1206
3527,Predator (1987),Action|Sci-Fi|Thriller,1207
3534,28 Days (2000),Drama,1208
3535,American Psycho (2000),Crime|Horror|Mystery|Thriller,1209
3536,Keeping the Faith (2000),Comedy|Drama|Romance,1210
3543,Diner (1982),Comedy|Drama,1211
3551,Marathon Man (1976),Crime|Drama|Thriller,1212
3552,Caddyshack (1980),Comedy,1213
3555,U-571 (2000),Action|Thriller|War,1214
3556,"Virgin Suicides, The (1999)",Drama|Romance,1215
3564,"Flintstones in Viva Rock Vegas, The (2000)",Children|Comedy,1216
3578,Gladiator (2000),Action|Adventure|Drama,1217
3591,Mr. Mom (1983),Comedy|Drama,1218
3593,Battlefield Earth (2000),Action|Sci-Fi,1219
3608,Pee-wee's Big Adventure (1985),Adventure|Comedy,1220
3615,Dinosaur (2000),Adventure|Animation|Children,1221
3616,Loser (2000),Comedy|Romance,1222
3617,Road Trip (2000),Comedy,1223
3618,Small Time Crooks (2000),Comedy|Crime,1224
3623,Mission: Impossible II (2000),Action|Adventure|Thriller,1225
3624,Shanghai Noon (2000),Action|Adventure|Comedy|Western,1226
3633,On Her Majesty's Secret Service (1969),Action|Adventure|Romance|Thriller,1227
3635,"Spy Who Loved Me, The (1977)",Action|Adventure|Thriller,1228
3638,Moonraker (1979),Action|Adventure|Sci-Fi|Thriller,1229
3639,"Man with the Golden Gun, The (1974)",Action|Adventure|Thriller,1230
3646,Big Momma's House (2000),Comedy,1231
3654,"Guns of Navarone, The (1961)",Action|Adventure|Drama|War,1232
3668,Romeo and Juliet (1968),Drama|Romance,1233
3671,Blazing Saddles (1974),Comedy|Western,1234
3676,Eraserhead (1977),Drama|Horror,1235
3681,For a Few Dollars More (Per qualche dollaro in più) (1965),Action|Drama|Thriller|Western,1236
3683,Blood Simple (1984),Crime|Drama|Film-Noir,1237
3686,Flatliners (1990),Horror|Sci-Fi|Thriller,1238
3688,Porky's (1982),Comedy,1239
3697,Predator 2 (1990),Action|Sci-Fi|Thriller,1240
3698,"Running Man, The (1987)",Action|Sci-Fi,1241
3699,Starman (1984),Adventure|Drama|Romance|Sci-Fi,1242
3701,Alien Nation (1988),Crime|Drama|Sci-Fi|Thriller,1243
3702,Mad Max (1979),Action|Adventure|Sci-Fi,1244
3703,"Road Warrior, The (Mad Max 2) (1981)",Action|Adventure|Sci-Fi|Thriller,1245
3704,Mad Max Beyond Thunderdome (1985),Action|Adventure|Sci-Fi,1246
3707,9 1/2 Weeks (Nine 1/2 Weeks) (1986),Drama|Romance,1247
3708,Firestarter (1984),Horror|Thriller,1248
3717,Gone in 60 Seconds (2000),Action|Crime,1249
3730,"Conversation, The (1974)",Drama|Mystery,1250
3735,Serpico (1973),Crime|Drama,1251
3740,Big Trouble in Little China (1986),Action|Adventure|Comedy|Fantasy,1252
3741,Badlands (1973),Crime|Drama|Thriller,1253
3742,Battleship Potemkin (1925),Drama|War,1254
3744,Shaft (2000),Action|Crime|Thriller,1255
3745,Titan A.E. (2000),Action|Adventure|Animation|Children|Sci-Fi,1256
3751,Chicken Run (2000),Animation|Children|Comedy,1257
3752,"Me, Myself & Irene (2000)",Adventure|Comedy,1258
3753,"Patriot, The (2000)",Action|Drama|War,1259
3755,"Perfect Storm, The (2000)",Drama|Thriller,1260
3763,F/X (1986),Action|Crime|Thriller,1261
3783,Croupier (1998),Crime|Drama,1262
3784,"Kid, The (2000)",Comedy|Fantasy,1263
3785,Scary Movie (2000),Comedy|Horror,1264
3791,Footloose (1984),Drama,1265
3793,X-Men (2000),Action|Adventure|Sci-Fi,1266
3798,What Lies Beneath (2000),Drama|Horror|Mystery,1267
3809,What About Bob? (1991),Comedy,1268
3812,Everything You Always Wanted to Know About Sex * But Were Afraid to Ask (1972),Comedy,1269
3821,Nutty Professor II: The Klumps (2000),Comedy,1270
3824,Autumn in New York (2000),Drama|Romance,1271
3825,Coyote Ugly (2000),Comedy|Drama|Romance,1272
3826,Hollow Man (2000),Horror|Sci-Fi|Thriller,1273
3827,Space Cowboys (2000),Action|Adventure|Comedy|Sci-Fi,1274
3831,Saving Grace (2000),Comedy,1275
3836,Kelly's Heroes (1970),Action|Comedy|War,1276
3852,"Tao of Steve, The (2000)",Comedy,1277
3861,"Replacements, The (2000)",Comedy,1278
3863,"Cell, The (2000)",Drama|Horror|Thriller,1279
3868,"Naked Gun: From the Files of Police Squad!, The (1988)",Action|Comedy|Crime|Romance,1280
3869,"Naked Gun 2 1/2: The Smell of Fear, The (1991)",Comedy,1281
3882,Bring It On (2000),Comedy,1282
3893,Nurse Betty (2000),Comedy|Crime|Drama|Romance|Thriller,1283
3897,Almost Famous (2000),Drama,1284
3910,Dancer in the Dark (2000),Drama|Musical,1285
3911,Best in Show (2000),Comedy,1286
3916,Remember the Titans (2000),Drama,1287
3917,Hellraiser (1987),Horror,1288
3948,Meet the Parents (2000),Comedy,1289
3949,Requiem for a Dream (2000),Drama,1290
3967,Billy Elliot (2000),Drama,1291
3968,Bedazzled (2000),Comedy,1292
3969,Pay It Forward (2000),Drama,1293
3972,"Legend of Drunken Master, The (Jui kuen II) (1994)",Action|Comedy,1294
3977,Charlie's Angels (2000),Action|Comedy,1295
3978,"Legend of Bagger Vance, The (2000)",Drama|Romance,1296
3979,Little Nicky (2000),Comedy,1297
3980,Men of Honor (2000),Drama,1298
3981,Red Planet (2000),Action|Sci-Fi|Thriller,1299
3984,Diamonds Are Forever (1971),Action|Adventure|Thriller,1300
3986,"6th Day, The (2000)",Action|Sci-Fi|Thriller,1301
3988,How the Grinch Stole Christmas (a.k.a. The Grinch) (2000),Children|Comedy|Fantasy,1302
3994,Unbreakable (2000),Drama|Sci-Fi,1303
3996,"Crouching Tiger, Hidden Dragon (Wo hu cang long) (2000)",Action|Drama|Romance,1304
3997,Dungeons & Dragons (2000),Action|Adventure|Comedy|Fantasy,1305
3998,Proof of Life (2000),Drama,1306
3999,Vertical Limit (2000),Action|Adventure,1307
4002,"Planes, Trains & Automobiles (1987)",Comedy,1308
4005,"Living Daylights, The (1987)",Action|Adventure|Thriller,1309
4007,Wall Street (1987),Drama,1310
4008,Born on the Fourth of July (1989),Drama|War,1311
4011,Snatch (2000),Comedy|Crime|Thriller,1312
4014,Chocolat (2000),Drama|Romance,1313
4015,"Dude, Where's My Car? (2000)",Comedy|Sci-Fi,1314
4016,"Emperor's New Groove, The (2000)",Adventure|Animation|Children|Comedy|Fantasy,1315
4017,Pollock (2000),Drama,1316
4018,What Women Want (2000),Comedy|Romance,1317
4019,Finding Forrester (2000),Drama,1318
4020,"Gift, The (2000)",Thriller,1319
4022,Cast Away (2000),Drama,1320
4023,"Family Man, The (2000)",Comedy|Drama|Romance,1321
4025,Miss Congeniality (2000),Comedy|Crime,1322
4027,"O Brother, Where Art Thou? (2000)",Adventure|Comedy|Crime,1323
4029,State and Main (2000),Comedy|Drama,1324
4033,Thirteen Days (2000),Drama|Thriller|War,1325
4034,Traffic (2000),Crime|Drama|Thriller,1326
4036,Shadow of the Vampire (2000),Drama|Horror,1327
4039,Annie (1982),Children|Musical,1328
4040,Don't Tell Mom the Babysitter's Dead (1991),Comedy,1329
4041,"Officer and a Gentleman, An (1982)",Drama|Romance,1330
4054,Save the Last Dance (2001),Drama|Romance,1331
4069,"Wedding Planner, The (2001)",Comedy|Romance,1332
4084,Beverly Hills Cop II (1987),Action|Comedy|Crime|Thriller,1333
4085,Beverly Hills Cop (1984),Action|Comedy|Crime|Drama,1334
4103,Empire of the Sun (1987),Action|Adventure|Drama|War,1335
4105,"Evil Dead, The (1981)",Fantasy|Horror|Thriller,1336
4121,Innerspace (1987),Action|Adventure|Comedy|Sci-Fi,1337
4128,"Lost Boys, The (1987)",Comedy|Horror|Thriller,1338
4144,In the Mood For Love (Fa yeung nin wa) (2000),Drama|Romance,1339
4148,Hannibal (2001),Horror|Thriller,1340
4149,Saving Silverman (Evil Woman) (2001),Comedy|Romance,1341
4153,Down to Earth (2001),Comedy|Fantasy|Romance,1342
4161,"Mexican, The (2001)",Action|Comedy,1343
4167,15 Minutes (2001),Thriller,1344
4214,Revenge of the Nerds (1984),Comedy,1345
4223,Enemy at the Gates (2001),Drama|War,1346
4226,Memento (2000),Mystery|Thriller,1347
4228,Heartbreakers (2001),Comedy|Crime|Romance,1348
4232,Spy Kids (2001),Action|Adventure|Children|Comedy,1349
4235,Amores Perros (Love's a Bitch) (2000),Drama|Thriller,1350
4238,Along Came a Spider (2001),Action|Crime|Mystery|Thriller,1351
4239,Blow (2001),Crime|Drama,1352
4246,Bridget Jones's Diary (2001),Comedy|Drama|Romance,1353
4247,Joe Dirt (2001),Adventure|Comedy|Mystery|Romance,1354
4254,Crocodile Dundee in Los Angeles (2001),Comedy|Drama,1355
4255,Freddy Got Fingered (2001),Comedy,1356
4262,Scarface (1983),Action|Crime|Drama,1357
4270,"Mummy Returns, The (2001)",Action|Adventure|Comedy|Thriller,1358
4291,Nine to Five (a.k.a. 9 to 5) (1980),Comedy|Crime,1359
4299,"Knight's Tale, A (2001)",Action|Comedy|Romance,1360
4306,Shrek (2001),Adventure|Animation|Children|Comedy|Fantasy|Romance,1361
4308,Moulin Rouge (2001),Drama|Musical|Romance,1362
4310,Pearl Harbor (2001),Action|Drama|Romance|War,1363
4321,City Slickers (1991),Comedy|Western,1364
4322,Eight Men Out (1988),Drama,1365
4326,Mississippi Burning (1988),Crime|Drama|Thriller,1366
4327,"Magnificent Seven, The (1960)",Adventure|Western,1367
4333,Throw Momma from the Train (1987),Comedy|Crime,1368
4340,"Animal, The (2001)",Comedy,1369
4343,Evolution (2001),Comedy|Sci-Fi,1370
4344,Swordfish (2001),Action|Crime|Drama,1371
4351,Point Break (1991),Action|Crime|Thriller,1372
4361,Tootsie (1982),Comedy|Romance,1373
4366,Atlantis: The Lost Empire (2001),Adventure|Animation|Children|Fantasy,1374
4367,Lara Croft: Tomb Raider (2001),Action|Adventure,1375
4368,Dr. Dolittle 2 (2001),Comedy,1376
4369,"Fast and the Furious, The (2001)",Action|Crime|Thriller,1377
4370,A.I. Artificial Intelligence (2001),Adventure|Drama|Sci-Fi,1378
4378,Sexy Beast (2000),Crime|Drama,1379
4386,Cats & Dogs (2001),Children|Comedy,1380
4388,Scary Movie 2 (2001),Comedy,1381
4396,"Cannonball Run, The (1981)",Action|Comedy,1382
4446,Final Fantasy: The Spirits Within (2001),Adventure|Animation|Fantasy|Sci-Fi,1383
4447,Legally Blonde (2001),Comedy|Romance,1384
4448,"Score, The (2001)",Action|Drama,1385
4467,"Adventures of Baron Munchausen, The (1988)",Adventure|Comedy|Fantasy,1386
4487,Cocktail (1988),Drama|Romance,1387
4489,Coming to America (1988),Comedy|Romance,1388
4499,Dirty Rotten Scoundrels (1988),Comedy,1389
4545,Short Circuit (1986),Comedy|Sci-Fi,1390
4558,Twins (1988),Comedy,1391
4571,Bill & Ted's Excellent Adventure (1989),Adventure|Comedy|Sci-Fi,1392
4621,Look Who's Talking (1989),Comedy|Romance,1393
4623,Major League (1989),Comedy,1394
4638,Jurassic Park III (2001),Action|Adventure|Sci-Fi|Thriller,1395
4639,America's Sweethearts (2001),Comedy|Romance,1396
4641,Ghost World (2001),Comedy|Drama,1397
4642,Hedwig and the Angry Inch (2000),Comedy|Drama|Musical,1398
4643,Planet of the Apes (2001),Action|Adventure|Drama|Sci-Fi,1399
4677,Turner & Hooch (1989),Comedy|Crime,1400
4679,Uncle Buck (1989),Comedy,1401
4700,"Princess Diaries, The (2001)",Children|Comedy|Romance,1402
4701,Rush Hour 2 (2001),Action|Comedy,1403
4718,American Pie 2 (2001),Comedy,1404
4720,"Others, The (2001)",Drama|Horror|Mystery|Thriller,1405
4728,Rat Race (2001),Comedy,1406
4734,Jay and Silent Bob Strike Back (2001),Adventure|Comedy,1407
4776,Training Day (2001),Crime|Drama|Thriller,1408
4787,Little Man Tate (1991),Drama,1409
4799,"It's a Mad, Mad, Mad, Mad World (1963)",Action|Adventure|Comedy|Crime,1410
4816,Zoolander (2001),Comedy,1411
4823,Serendipity (2001),Comedy|Romance,1412
4848,Mulholland Drive (2001),Crime|Drama|Film-Noir|Mystery|Thriller,1413
4855,Dirty Harry (1971),Action|Crime|Thriller,1414
4865,From Hell (2001),Crime|Horror|Mystery|Thriller,1415
4873,Waking Life (2001),Animation|Drama|Fantasy,1416
4874,K-PAX (2001),Drama|Fantasy|Mystery|Sci-Fi,1417
4876,Thirteen Ghosts (a.k.a. Thir13en Ghosts) (2001),Horror|Thriller,1418
4878,Donnie Darko (2001),Drama|Mystery|Sci-Fi|Thriller,1419
4881,"Man Who Wasn't There, The (2001)",Crime|Drama,1420
4886,"Monsters, Inc. (2001)",Adventure|Animation|Children|Comedy|Fantasy,1421
4887,"One, The (2001)",Action|Sci-Fi|Thriller,1422
4890,Shallow Hal (2001),Comedy|Fantasy|Romance,1423
4896,Harry Potter and the Sorcerer's Stone (a.k.a. Harry Potter and the Philosopher's Stone) (2001),Adventure|Children|Fantasy,1424
4901,Spy Game (2001),Action|Crime|Drama|Thriller,1425
4902,"Devil's Backbone, The (Espinazo del diablo, El) (2001)",Drama|Fantasy|Horror|Thriller|War,1426
4903,In the Bedroom (2001),Drama,1427
4954,Ocean's Eleven (a.k.a. Ocean's 11) (1960),Comedy|Crime,1428
4958,Behind Enemy Lines (2001),Action|Drama|War,1429
4963,Ocean's Eleven (2001),Crime|Thriller,1430
4967,No Man's Land (2001),Drama|War,1431
4973,"Amelie (Fabuleux destin d'Amélie Poulain, Le) (2001)",Comedy|Romance,1432
4974,Not Another Teen Movie (2001),Comedy,1433
4975,Vanilla Sky (2001),Mystery|Romance|Sci-Fi|Thriller,1434
4979,"Royal Tenenbaums, The (2001)",Comedy|Drama,1435
4980,Bill & Ted's Bogus Journey (1991),Adventure|Comedy|Fantasy|Sci-Fi,1436
4992,Kate & Leopold (2001),Comedy|Romance,1437
4993,"Lord of the Rings: The Fellowship of the Ring, The (2001)",Adventure|Fantasy,1438
4994,"Majestic, The (2001)",Comedy|Drama|Romance,1439
4995,"Beautiful Mind, A (2001)",Drama|Romance,1440
5010,Black Hawk Down (2001),Action|Drama|War,1441
5013,Gosford Park (2001),Comedy|Drama|Mystery,1442
5014,I Am Sam (2001),Drama,1443
5015,Monster's Ball (2001),Drama|Romance,1444
5025,Orange County (2002),Comedy,1445
5026,"Brotherhood of the Wolf (Pacte des loups, Le) (2001)",Action|Mystery|Thriller,1446
5049,48 Hrs. (1982),Action|Comedy|Crime|Drama,1447
5060,M*A*S*H (a.k.a. MASH) (1970),Comedy|Drama|War,1448
5064,The Count of Monte Cristo (2002),Action|Adventure|Drama|Thriller,1449
5065,"Mothman Prophecies, The (2002)",Drama|Fantasy|Horror|Mystery|Thriller,1450
5066,"Walk to Remember, A (2002)",Drama|Romance,1451
5072,Metropolis (2001),Animation|Sci-Fi,1452
5103,"Sandlot, The (1993)",Children|Comedy|Drama,1453
5108,John Q (2002),Crime|Drama|Thriller,1454
5110,Super Troopers (2001),Comedy|Crime|Mystery,1455
5128,Queen of the Damned (2002),Fantasy|Horror,1456
5135,Monsoon Wedding (2001),Comedy|Romance,1457
5151,40 Days and 40 Nights (2002),Comedy|Romance,1458
5152,We Were Soldiers (2002),Action|Drama|War,1459
5171,"Time Machine, The (2002)",Action|Adventure|Sci-Fi,1460
5218,Ice Age (2002),Adventure|Animation|Children|Comedy,1461
5219,Resident Evil (2002),Action|Horror|Sci-Fi|Thriller,1462
5220,Showtime (2002),Action|Comedy,1463
5225,And Your Mother Too (Y tu mamá también) (2001),Drama|Romance,1464
5254,Blade II (2002),Action|Horror|Thriller,1465
5265,Death to Smoochy (2002),Comedy|Crime|Drama,1466
5266,Panic Room (2002),Thriller,1467
5267,"Rookie, The (2002)",Drama,1468
5283,National Lampoon's Van Wilder (2002),Comedy,1469
5291,Rashomon (Rashômon) (1950),Crime|Drama|Mystery,1470
5294,Frailty (2001),Crime|Drama|Thriller,1471
5296,"Sweetest Thing, The (2002)",Comedy|Romance,1472
5299,My Big Fat Greek Wedding (2002),Comedy|Romance,1473
5308,Three Men and a Baby (1987),Comedy,1474
5313,The Scorpion King (2002),Action|Adventure|Fantasy|Thriller,1475
5329,"Salton Sea, The (2002)",Crime|Drama|Thriller,1476
5349,Spider-Man (2002),Action|Adventure|Sci-Fi|Thriller,1477
5377,About a Boy (2002),Comedy|Drama|Romance,1478
5378,Star Wars: Episode II - Attack of the Clones (2002),Action|Adventure|Sci-Fi|IMAX,1479
5380,"Importance of Being Earnest, The (2002)",Comedy|Drama|Romance,1480
5388,Insomnia (2002),Action|Crime|Drama|Mystery|Thriller,1481
5400,"Sum of All Fears, The (2002)",Drama|Thriller,1482
5418,"Bourne Identity, The (2002)",Action|Mystery|Thriller,1483
5419,Scooby-Doo (2002),Adventure|Children|Comedy|Fantasy|Mystery,1484
5444,Lilo & Stitch (2002),Adventure|Animation|Children|Sci-Fi,1485
5445,Minority Report (2002),Action|Crime|Mystery|Sci-Fi|Thriller,1486
5449,Mr. Deeds (2002),Comedy|Romance,1487
5459,Men in Black II (a.k.a. MIIB) (a.k.a. MIB 2) (2002),Action|Comedy|Sci-Fi,1488
5463,Reign of Fire (2002),Action|Adventure|Fantasy,1489
5464,Road to Perdition (2002),Crime|Drama,1490
5481,Austin Powers in Goldmember (2002),Comedy,1491
5500,Top Secret! (1984),Comedy,1492
5502,Signs (2002),Horror|Sci-Fi|Thriller,1493
5505,"Good Girl, The (2002)",Comedy|Drama,1494
5507,xXx (2002),Action|Crime|Thriller,1495
5528,One Hour Photo (2002),Drama|Thriller,1496
5541,Hot Shots! (1991),Action|Comedy|Romance|War,1497
5574,"Transporter, The (2002)",Action|Crime,1498
5577,Igby Goes Down (2002),Comedy|Drama,1499
5608,"Das Experiment (Experiment, The) (2001)",Drama|Thriller,1500
5617,Secretary (2002),Comedy|Drama|Romance,1501
5618,Spirited Away (Sen to Chihiro no kamikakushi) (2001),Adventure|Animation|Fantasy,1502
5620,Sweet Home Alabama (2002),Comedy|Romance,1503
5621,"Tuxedo, The (2002)",Action|Comedy,1504
5630,Red Dragon (2002),Crime|Mystery|Thriller,1505
5650,Strange Brew (1983),Comedy,1506
5669,Bowling for Columbine (2002),Documentary,1507
5673,Punch-Drunk Love (2002),Comedy|Drama|Romance,1508
5679,"Ring, The (2002)",Horror|Mystery|Thriller,1509
5690,Grave of the Fireflies (Hotaru no haka) (1988),Animation|Drama|War,1510
5693,Saturday Night Fever (1977),Comedy|Drama|Romance,1511
5782,"Professional, The (Le professionnel) (1981)",Action|Drama|Thriller,1512
5785,Jackass: The Movie (2002),Action|Comedy|Documentary,1513
5791,Frida (2002),Drama|Romance,1514
5810,8 Mile (2002),Drama,1515
5812,Far from Heaven (2002),Drama|Romance,1516
5816,Harry Potter and the Chamber of Secrets (2002),Adventure|Fantasy,1517
5872,Die Another Day (2002),Action|Adventure|Thriller,1518
5878,Talk to Her (Hable con Ella) (2002),Drama|Romance,1519
5881,Solaris (2002),Drama|Romance|Sci-Fi,1520
5902,Adaptation (2002),Comedy|Drama|Romance,1521
5903,Equilibrium (2002),Action|Sci-Fi|Thriller,1522
5943,Maid in Manhattan (2002),Comedy|Romance,1523
5944,Star Trek: Nemesis (2002),Action|Drama|Sci-Fi|Thriller,1524
5945,About Schmidt (2002),Comedy|Drama,1525
5952,"Lord of the Rings: The Two Towers, The (2002)",Adventure|Fantasy,1526
5954,25th Hour (2002),Crime|Drama,1527
5956,Gangs of New York (2002),Crime|Drama,1528
5957,Two Weeks Notice (2002),Comedy|Romance,1529
5970,My Girl (1991),Comedy|Drama|Romance,1530
5971,My Neighbor Totoro (Tonari no Totoro) (1988),Animation|Children|Drama|Fantasy,1531
5989,Catch Me If You Can (2002),Crime|Drama,1532
5991,Chicago (2002),Comedy|Crime|Drama|Musical,1533
5992,"Hours, The (2002)",Drama|Romance,1534
5995,"Pianist, The (2002)",Drama|War,1535
6003,Confessions of a Dangerous Mind (2002),Comedy|Crime|Drama|Thriller,1536
6016,City of God (Cidade de Deus) (2002),Action|Adventure|Crime|Drama|Thriller,1537
6058,Final Destination 2 (2003),Horror|Thriller,1538
6059,"Recruit, The (2003)",Action|Thriller,1539
6155,How to Lose a Guy in 10 Days (2003),Comedy|Romance,1540
6156,Shanghai Knights (2003),Action|Adventure|Comedy,1541
6157,Daredevil (2003),Action|Crime,1542
6188,Old School (2003),Comedy,1543
6218,Bend It Like Beckham (2002),Comedy|Drama|Romance,1544
6242,Ringu (Ring) (1998),Horror|Mystery|Thriller,1545
6281,Phone Booth (2002),Drama|Thriller,1546
6283,Cowboy Bebop: The Movie (Cowboy Bebop: Tengoku no Tobira) (2001),Action|Animation|Sci-Fi|Thriller,1547
6287,Anger Management (2003),Comedy,1548
6294,Bulletproof Monk (2003),Action|Adventure|Sci-Fi,1549
6296,"Mighty Wind, A (2003)",Comedy|Musical,1550
6297,Holes (2003),Adventure|Children|Comedy|Mystery,1551
6305,Fahrenheit 451 (1966),Drama|Sci-Fi,1552
6323,Identity (2003),Crime|Horror|Mystery|Thriller,1553
6331,Spellbound (2002),Documentary,1554
6333,X2: X-Men United (2003),Action|Adventure|Sci-Fi|Thriller,1555
6350,Laputa: Castle in the Sky (Tenkû no shiro Rapyuta) (1986),Action|Adventure|Animation|Children|Fantasy|Sci-Fi,1556
6365,"Matrix Reloaded, The (2003)",Action|Adventure|Sci-Fi|Thriller|IMAX,1557
6367,Down with Love (2003),Comedy|Romance,1558
6373,Bruce Almighty (2003),Comedy|Drama|Fantasy|Romance,1559
6377,Finding Nemo (2003),Adventure|Animation|Children|Comedy,1560
6378,"Italian Job, The (2003)",Action|Crime,1561
6383,"2 Fast 2 Furious (Fast and the Furious 2, The) (2003)",Action|Crime|Thriller,1562
6385,Whale Rider (2002),Drama,1563
6440,Barton Fink (1991),Drama|Thriller,1564
6482,Dumb and Dumberer: When Harry Met Lloyd (2003),Comedy,1565
6502,28 Days Later (2002),Action|Horror|Sci-Fi,1566
6503,Charlie's Angels: Full Throttle (2003),Action|Adventure|Comedy|Crime|Thriller,1567
6534,Hulk (2003),Action|Adventure|Sci-Fi,1568
6535,"Legally Blonde 2: Red, White & Blonde (2003)",Comedy,1569
6537,Terminator 3: Rise of the Machines (2003),Action|Adventure|Sci-Fi,1570
6539,Pirates of the Caribbean: The Curse of the Black Pearl (2003),Action|Adventure|Comedy|Fantasy,1571
6541,"League of Extraordinary Gentlemen, The (a.k.a. LXG) (2003)",Action|Fantasy|Sci-Fi,1572
6548,Bad Boys II (2003),Action|Comedy|Crime|Thriller,1573
6550,Johnny English (2003),Action|Comedy|Thriller,1574
6552,Dirty Pretty Things (2002),Crime|Drama|Thriller,1575
6564,Lara Croft Tomb Raider: The Cradle of Life (2003),Action|Adventure|Comedy|Romance|Thriller,1576
6565,Seabiscuit (2003),Drama,1577
6586,American Wedding (American Pie 3) (2003),Comedy,1578
6593,Freaky Friday (2003),Children|Comedy|Fantasy,1579
6595,S.W.A.T. (2003),Action|Thriller,1580
6618,Shaolin Soccer (Siu lam juk kau) (2001),Action|Comedy,1581
6620,American Splendor (2003),Comedy|Drama,1582
6659,Tremors (1990),Comedy|Horror|Sci-Fi,1583
6662,"Pink Panther, The (1963)",Comedy|Crime,1584
6708,Matchstick Men (2003),Comedy|Crime|Drama,1585
6709,Once Upon a Time in Mexico (2003),Action|Adventure|Crime|Thriller,1586
6711,Lost in Translation (2003),Comedy|Drama|Romance,1587
6753,Secondhand Lions (2003),Children|Comedy|Drama,1588
6754,Underworld (2003),Action|Fantasy|Horror,1589
6755,Bubba Ho-tep (2002),Comedy|Horror,1590
6764,"Rundown, The (2003)",Action|Adventure|Comedy,1591
6773,"Triplets of Belleville, The (Les triplettes de Belleville) (2003)",Animation|Comedy|Fantasy,1592
6787,All the President's Men (1976),Drama|Thriller,1593
6793,Beethoven (1992),Children|Comedy|Drama,1594
6796,Boyz N the Hood (1991),Crime|Drama,1595
6807,Monty Python's The Meaning of Life (1983),Comedy,1596
6857,Ninja Scroll (Jûbei ninpûchô) (1995),Action|Adventure|Animation|Fantasy,1597
6863,School of Rock (2003),Comedy|Musical,1598
6867,"Station Agent, The (2003)",Comedy|Drama,1599
6870,Mystic River (2003),Crime|Drama|Mystery,1600
6873,Intolerable Cruelty (2003),Comedy|Romance,1601
6874,Kill Bill: Vol. 1 (2003),Action|Crime|Thriller,1602
6879,Runaway Jury (2003),Drama|Thriller,1603
6888,Scary Movie 3 (2003),Comedy|Horror,1604
6893,"Italian Job, The (1969)",Action|Comedy|Crime,1605
6934,"Matrix Revolutions, The (2003)",Action|Adventure|Sci-Fi|Thriller|IMAX,1606
6936,Elf (2003),Children|Comedy|Fantasy,1607
6942,Love Actually (2003),Comedy|Drama|Romance,1608
6944,Father of the Bride (1991),Comedy,1609
6947,Master and Commander: The Far Side of the World (2003),Adventure|Drama|War,1610
6953,21 Grams (2003),Crime|Drama|Mystery|Romance|Thriller,1611
6957,Bad Santa (2003),Comedy|Crime,1612
6958,"Haunted Mansion, The (2003)",Children|Comedy|Fantasy|Horror,1613
6979,WarGames (1983),Drama|Sci-Fi|Thriller,1614
6993,Hannah and Her Sisters (1986),Comedy|Drama|Romance,1615
7004,Kindergarten Cop (1990),Action|Comedy|Crime|Thriller,1616
7022,Battle Royale (Batoru rowaiaru) (2000),Action|Drama|Horror|Thriller,1617
7046,"Witches of Eastwick, The (1987)",Comedy|Fantasy|Horror|Thriller,1618
7090,Hero (Ying xiong) (2002),Action|Adventure|Drama,1619
7099,Nausicaä of the Valley of the Wind (Kaze no tani no Naushika) (1984),Adventure|Animation|Drama|Fantasy|Sci-Fi,1620
7137,"Cooler, The (2003)",Comedy|Drama|Romance,1621
7143,"Last Samurai, The (2003)",Action|Adventure|Drama|War,1622
7147,Big Fish (2003),Drama|Fantasy|Romance,1623
7149,Something's Gotta Give (2003),Comedy|Drama|Romance,1624
7150,Stuck on You (2003),Comedy,1625
7151,Girl with a Pearl Earring (2003),Drama|Romance,1626
7153,"Lord of the Rings: The Return of the King, The (2003)",Action|Adventure|Drama|Fantasy,1627
7154,Mona Lisa Smile (2003),Drama|Romance,1628
7156,"Fog of War: Eleven Lessons from the Life of Robert S. McNamara, The (2003)",Documentary|War,1629
7160,Monster (2003),Crime|Drama,1630
7162,Cold Mountain (2003),Drama|Romance|War,1631
7163,Paycheck (2003),Action|Sci-Fi|Thriller,1632
7173,Along Came Polly (2004),Comedy|Romance,1633
7247,Chitty Chitty Bang Bang (1968),Adventure|Children|Comedy|Fantasy|Musical,1634
7254,The Butterfly Effect (2004),Drama|Sci-Fi|Thriller,1635
7263,Miracle (2004),Drama,1636
7265,"Dreamers, The (2003)",Drama,1637
7293,50 First Dates (2004),Comedy|Romance,1638
7317,EuroTrip (2004),Adventure|Comedy,1639
7318,"Passion of the Christ, The (2004)",Drama,1640
7323,"Good bye, Lenin! (2003)",Comedy|Drama,1641
7324,Hidalgo (2004),Adventure|Drama,1642
7325,Starsky & Hutch (2004),Action|Comedy|Crime|Thriller,1643
7346,"Girl Next Door, The (2004)",Comedy|Romance,1644
7347,Secret Window (2004),Mystery|Thriller,1645
7360,Dawn of the Dead (2004),Action|Drama|Horror|Thriller,1646
7361,Eternal Sunshine of the Spotless Mind (2004),Drama|Romance|Sci-Fi,1647
7367,"Ladykillers, The (2004)",Comedy|Crime,1648
7371,Dogville (2003),Drama|Mystery|Thriller,1649
7373,Hellboy (2004),Action|Adventure|Fantasy|Horror,1650
7387,Dawn of the Dead (1978),Action|Drama|Horror,1651
7438,Kill Bill: Vol. 2 (2004),Action|Drama|Thriller,1652
7439,"Punisher, The (2004)",Action|Crime|Thriller,1653
7444,13 Going on 30 (2004),Comedy|Fantasy|Romance,1654
7445,Man on Fire (2004),Action|Crime|Drama|Mystery|Thriller,1655
7451,Mean Girls (2004),Comedy,1656
7454,Van Helsing (2004),Action|Adventure|Fantasy|Horror,1657
7458,Troy (2004),Action|Adventure|Drama|War,1658
7482,Enter the Dragon (1973),Action|Crime,1659
7569,You Only Live Twice (1967),Action|Adventure|Sci-Fi|Thriller,1660
8014,"Spring, Summer, Fall, Winter... and Spring (Bom yeoreum gaeul gyeoul geurigo bom) (2003)",Drama,1661
8228,"Maltese Falcon, The (a.k.a. Dangerous Female) (1931)",Mystery,1662
8360,Shrek 2 (2004),Adventure|Animation|Children|Comedy|Musical|Romance,1663
8361,"Day After Tomorrow, The (2004)",Action|Adventure|Drama|Sci-Fi|Thriller,1664
8366,Saved! (2004),Comedy|Drama,1665
8368,Harry Potter and the Prisoner of Azkaban (2004),Adventure|Fantasy|IMAX,1666
8370,"Blind Swordsman: Zatoichi, The (Zatôichi) (2003)",Action|Comedy|Crime|Drama,1667
8371,"Chronicles of Riddick, The (2004)",Action|Sci-Fi|Thriller,1668
8373,"Stepford Wives, The (2004)",Comedy|Fantasy|Thriller,1669
8376,Napoleon Dynamite (2004),Comedy,1670
8464,Super Size Me (2004),Comedy|Documentary|Drama,1671
8528,Dodgeball: A True Underdog Story (2004),Comedy,1672
8529,"Terminal, The (2004)",Comedy|Drama|Romance,1673
8533,"Notebook, The (2004)",Drama|Romance,1674
8622,Fahrenheit 9/11 (2004),Documentary,1675
8623,Roxanne (1987),Comedy|Romance,1676
8636,Spider-Man 2 (2004),Action|Adventure|Sci-Fi|IMAX,1677
8638,Before Sunset (2004),Drama|Romance,1678
8640,King Arthur (2004),Action|Adventure|Drama|War,1679
8641,Anchorman: The Legend of Ron Burgundy (2004),Comedy,1680
8644,"I, Robot (2004)",Action|Adventure|Sci-Fi|Thriller,1681
8665,"Bourne Supremacy, The (2004)",Action|Crime|Thriller,1682
8781,"Manchurian Candidate, The (2004)",Thriller,1683
8783,"Village, The (2004)",Drama|Mystery|Thriller,1684
8784,Garden State (2004),Comedy|Drama|Romance,1685
8798,Collateral (2004),Action|Crime|Drama|Thriller,1686
8807,Harold and Kumar Go to White Castle (2004),Adventure|Comedy,1687
8810,AVP: Alien vs. Predator (2004),Action|Horror|Sci-Fi|Thriller,1688
8861,Resident Evil: Apocalypse (2004),Action|Horror|Sci-Fi|Thriller,1689
8865,Sky Captain and the World of Tomorrow (2004),Action|Adventure|Sci-Fi,1690
8873,"Motorcycle Diaries, The (Diarios de motocicleta) (2004)",Adventure|Drama,1691
8874,Shaun of the Dead (2004),Comedy|Horror,1692
8907,Shark Tale (2004),Animation|Children|Comedy,1693
8910,I Heart Huckabees (2004),Comedy,1694
8914,Primer (2004),Drama|Sci-Fi,1695
8917,Team America: World Police (2004),Action|Adventure|Animation|Comedy,1696
8947,"Grudge, The (2004)",Horror|Mystery|Thriller,1697
8949,Sideways (2004),Comedy|Drama|Romance,1698
8950,The Machinist (2004),Drama|Mystery|Thriller,1699
8957,Saw (2004),Horror|Mystery|Thriller,1700
8958,Ray (2004),Drama,1701
8961,"Incredibles, The (2004)",Action|Adventure|Animation|Children|Comedy,1702
8965,"Polar Express, The (2004)",Adventure|Animation|Children|Fantasy|IMAX,1703
8969,Bridget Jones: The Edge of Reason (2004),Comedy|Drama|Romance,1704
8970,Finding Neverland (2004),Drama,1705
8972,National Treasure (2004),Action|Adventure|Drama|Mystery|Thriller,1706
8977,Alexander (2004),Action|Adventure|Drama|War,1707
8981,Closer (2004),Drama|Romance,1708
8983,House of Flying Daggers (Shi mian mai fu) (2004),Action|Drama|Romance,1709
8984,Ocean's Twelve (2004),Action|Comedy|Crime|Thriller,1710
8985,Blade: Trinity (2004),Action|Fantasy|Horror|Thriller,1711
26662,Kiki's Delivery Service (Majo no takkyûbin) (1989),Adventure|Animation|Children|Drama|Fantasy,1712
26776,Porco Rosso (Crimson Pig) (Kurenai no buta) (1992),Adventure|Animation|Comedy|Fantasy|Romance,1713
27611,Battlestar Galactica (2003),Drama|Sci-Fi|War,1714
27660,"Animatrix, The (2003)",Action|Animation|Drama|Sci-Fi,1715
27706,Lemony Snicket's A Series of Unfortunate Events (2004),Adventure|Children|Comedy|Fantasy,1716
27773,Old Boy (2003),Mystery|Thriller,1717
27801,Ong-Bak: The Thai Warrior (Ong Bak) (2003),Action|Thriller,1718
27808,Spanglish (2004),Comedy|Drama|Romance,1719
27815,"Chorus, The (Choristes, Les) (2004)",Drama,1720
27831,Layer Cake (2004),Crime|Drama|Thriller,1721
27846,"Corporation, The (2003)",Documentary,1722
27904,"Scanner Darkly, A (2006)",Animation|Drama|Mystery|Sci-Fi|Thriller,1723
30707,Million Dollar Baby (2004),Drama,1724
30749,Hotel Rwanda (2004),Drama|War,1725
30793,Charlie and the Chocolate Factory (2005),Adventure|Children|Comedy|Fantasy|IMAX,1726
30810,"Life Aquatic with Steve Zissou, The (2004)",Adventure|Comedy|Fantasy,1727
30812,"Aviator, The (2004)",Drama,1728
30816,"Phantom of the Opera, The (2004)",Drama|Musical|Romance,1729
30822,In Good Company (2004),Comedy|Drama,1730
30825,Meet the Fockers (2004),Comedy,1731
31221,Elektra (2005),Action|Adventure|Crime|Drama,1732
31410,"Downfall (Untergang, Der) (2004)",Drama|War,1733
31433,"Wedding Date, The (2005)",Comedy|Romance,1734
31658,Howl's Moving Castle (Hauru no ugoku shiro) (2004),Adventure|Animation|Fantasy|Romance,1735
31685,Hitch (2005),Comedy|Romance,1736
31696,Constantine (2005),Action|Fantasy|Horror|Thriller,1737
31878,Kung Fu Hustle (Gong fu) (2004),Action|Comedy,1738
32029,Hostage (2005),Action|Crime|Drama|Thriller,1739
32031,Robots (2005),Adventure|Animation|Children|Comedy|Fantasy|Sci-Fi|IMAX,1740
32587,Sin City (2005),Action|Crime|Film-Noir|Mystery|Thriller,1741
33004,"Hitchhiker's Guide to the Galaxy, The (2005)",Adventure|Comedy|Sci-Fi,1742
33162,Kingdom of Heaven (2005),Action|Drama|Romance|War,1743
33166,Crash (2004),Crime|Drama,1744
33493,Star Wars: Episode III - Revenge of the Sith (2005),Action|Adventure|Sci-Fi,1745
33615,Madagascar (2005),Adventure|Animation|Children|Comedy,1746
33660,Cinderella Man (2005),Drama|Romance,1747
33679,Mr. & Mrs. Smith (2005),Action|Adventure|Comedy|Romance,1748
33794,Batman Begins (2005),Action|Crime|IMAX,1749
33836,Bewitched (2005),Comedy|Fantasy|Romance,1750
34048,War of the Worlds (2005),Action|Adventure|Sci-Fi|Thriller,1751
34072,"March of the Penguins (Marche de l'empereur, La) (2005)",Documentary,1752
34150,Fantastic Four (2005),Action|Adventure|Sci-Fi,1753
34162,Wedding Crashers (2005),Comedy|Romance,1754
34319,"Island, The (2005)",Action|Sci-Fi|Thriller,1755
34338,"Aristocrats, The (2005)",Comedy|Documentary,1756
34405,Serenity (2005),Action|Adventure|Sci-Fi,1757
34437,Broken Flowers (2005),Comedy|Drama,1758
34520,"Dukes of Hazzard, The (2005)",Action|Adventure|Comedy,1759
35836,"40-Year-Old Virgin, The (2005)",Comedy|Romance,1760
36401,"Brothers Grimm, The (2005)",Comedy|Fantasy|Horror|Thriller,1761
36517,"Constant Gardener, The (2005)",Drama|Thriller,1762
36519,Transporter 2 (2005),Action|Crime|Thriller,1763
36529,Lord of War (2005),Action|Crime|Drama|Thriller|War,1764
36708,Family Guy Presents Stewie Griffin: The Untold Story (2005),Adventure|Animation|Comedy,1765
37380,Doom (2005),Action|Horror|Sci-Fi,1766
37384,Waiting... (2005),Comedy,1767
37386,Aeon Flux (2005),Action|Sci-Fi,1768
37727,Flightplan (2005),Action|Drama|Thriller,1769
37729,Corpse Bride (2005),Animation|Comedy|Fantasy|Musical|Romance,1770
37733,"History of Violence, A (2005)",Action|Crime|Drama|Thriller,1771
37741,Capote (2005),Crime|Drama,1772
37830,Final Fantasy VII: Advent Children (2004),Action|Adventure|Animation|Fantasy|Sci-Fi,1773
38038,Wallace & Gromit in The Curse of the Were-Rabbit (2005),Adventure|Animation|Children|Comedy,1774
38061,Kiss Kiss Bang Bang (2005),Comedy|Crime|Mystery|Thriller,1775
39183,Brokeback Mountain (2005),Drama|Romance,1776
39292,"Good Night, and Good Luck. (2005)",Crime|Drama,1777
39446,Saw II (2005),Horror|Thriller,1778
40278,Jarhead (2005),Action|Drama|War,1779
40583,Syriana (2005),Drama|Thriller,1780
40629,Pride & Prejudice (2005),Drama|Romance,1781
40732,"Descent, The (2005)",Adventure|Drama|Horror|Thriller,1782
40815,Harry Potter and the Goblet of Fire (2005),Adventure|Fantasy|Thriller|IMAX,1783
40819,Walk the Line (2005),Drama|Musical|Romance,1784
40826,Rent (2005),Drama|Musical|Romance,1785
41285,Match Point (2005),Crime|Drama|Romance,1786
41566,"Chronicles of Narnia: The Lion, the Witch and the Wardrobe, The (2005)",Adventure|Children|Fantasy,1787
41569,King Kong (2005),Action|Adventure|Drama|Fantasy|Thriller,1788
41571,Memoirs of a Geisha (2005),Drama|Romance,1789
41997,Munich (2005),Action|Crime|Drama|Thriller,1790
42011,Fun with Dick and Jane (2005),Comedy|Crime,1791
42723,Hostel (2005),Horror,1792
42738,Underworld: Evolution (2006),Action|Fantasy|Horror,1793
43928,Ultraviolet (2006),Action|Fantasy|Sci-Fi|Thriller,1794
44022,Ice Age 2: The Meltdown (2006),Adventure|Animation|Children|Comedy,1795
44191,V for Vendetta (2006),Action|Sci-Fi|Thriller|IMAX,1796
44195,Thank You for Smoking (2006),Comedy|Drama,1797
44199,Inside Man (2006),Crime|Drama|Thriller,1798
44555,"Lives of Others, The (Das leben der Anderen) (2006)",Drama|Romance|Thriller,1799
44665,Lucky Number Slevin (2006),Crime|Drama|Mystery,1800
44761,Brick (2005),Crime|Drama|Film-Noir|Mystery,1801
44840,"Benchwarmers, The (2006)",Comedy,1802
44972,Scary Movie 4 (2006),Comedy|Horror,1803
44974,Hard Candy (2005),Drama|Thriller,1804
45081,Silent Hill (2006),Fantasy|Horror|Thriller,1805
45186,Mission: Impossible III (2006),Action|Adventure|Thriller,1806
45431,Over the Hedge (2006),Adventure|Animation|Children|Comedy,1807
45447,"Da Vinci Code, The (2006)",Drama|Mystery|Thriller,1808
45499,X-Men: The Last Stand (2006),Action|Sci-Fi|Thriller,1809
45501,"Break-Up, The (2006)",Comedy|Drama|Romance,1810
45517,Cars (2006),Animation|Children|Comedy,1811
45666,Nacho Libre (2006),Comedy,1812
45668,"Lake House, The (2006)",Drama|Fantasy|Romance,1813
45672,Click (2006),Adventure|Comedy|Drama|Fantasy|Romance,1814
45720,"Devil Wears Prada, The (2006)",Comedy|Drama,1815
45722,Pirates of the Caribbean: Dead Man's Chest (2006),Action|Adventure|Fantasy,1816
45728,Clerks II (2006),Comedy,1817
45880,Marie Antoinette (2006),Drama|Romance,1818
45950,"Inconvenient Truth, An (2006)",Documentary,1819
46335,"Fast and the Furious: Tokyo Drift, The (Fast and the Furious 3, The) (2006)",Action|Crime|Drama|Thriller,1820
46530,Superman Returns (2006),Action|Adventure|Sci-Fi|IMAX,1821
46578,Little Miss Sunshine (2006),Adventure|Comedy|Drama,1822
46723,Babel (2006),Drama|Thriller,1823
46965,Snakes on a Plane (2006),Action|Comedy|Horror|Thriller,1824
46970,Talladega Nights: The Ballad of Ricky Bobby (2006),Action|Comedy,1825
46972,Night at the Museum (2006),Action|Comedy|Fantasy|IMAX,1826
46976,Stranger than Fiction (2006),Comedy|Drama|Fantasy|Romance,1827
47044,Miami Vice (2006),Action|Crime|Drama|Thriller,1828
47099,"Pursuit of Happyness, The (2006)",Drama,1829
47200,Crank (2006),Action|Thriller,1830
47518,Accepted (2006),Comedy,1831
47610,"Illusionist, The (2006)",Drama|Fantasy|Mystery|Romance,1832
47629,The Queen (2006),Drama,1833
47997,Idiocracy (2006),Adventure|Comedy|Sci-Fi|Thriller,1834
48043,"Fountain, The (2006)",Drama|Fantasy|Romance,1835
48082,"Science of Sleep, The (La science des rêves) (2006)",Comedy|Drama|Fantasy|Romance,1836
48304,Apocalypto (2006),Adventure|Drama|Thriller,1837
48385,Borat: Cultural Learnings of America for Make Benefit Glorious Nation of Kazakhstan (2006),Comedy,1838
48394,"Pan's Labyrinth (Laberinto del fauno, El) (2006)",Drama|Fantasy|Thriller,1839
48516,"Departed, The (2006)",Crime|Drama|Thriller,1840
48738,"Last King of Scotland, The (2006)",Drama|Thriller,1841
48774,Children of Men (2006),Action|Adventure|Drama|Sci-Fi|Thriller,1842
48780,"Prestige, The (2006)",Drama|Mystery|Sci-Fi|Thriller,1843
48783,Flags of Our Fathers (2006),Drama|War,1844
48877,Saw III (2006),Crime|Horror|Thriller,1845
49272,Casino Royale (2006),Action|Adventure|Thriller,1846
49274,Happy Feet (2006),Adventure|Animation|Children|Comedy|IMAX,1847
49278,Déjà Vu (Deja Vu) (2006),Action|Sci-Fi|Thriller,1848
49286,"Holiday, The (2006)",Comedy|Romance,1849
49530,Blood Diamond (2006),Action|Adventure|Crime|Drama|Thriller|War,1850
49649,Eragon (2006),Action|Adventure|Fantasy,1851
49651,Rocky Balboa (2006),Action|Drama,1852
50068,Letters from Iwo Jima (2006),Drama|War,1853
50794,Smokin' Aces (2006),Action|Crime|Drama|Thriller,1854
50872,Ratatouille (2007),Animation|Children|Drama,1855
51077,Ghost Rider (2007),Action|Fantasy|Thriller,1856
51084,Music and Lyrics (2007),Comedy|Romance,1857
51086,"Number 23, The (2007)",Drama|Mystery|Thriller,1858
51255,Hot Fuzz (2007),Action|Comedy|Crime|Mystery,1859
51412,Next (2007),Action|Sci-Fi|Thriller,1860
51540,Zodiac (2007),Crime|Drama|Thriller,1861
51662,300 (2007),Action|Fantasy|War|IMAX,1862
51935,Shooter (2007),Action|Drama|Thriller,1863
52245,Blades of Glory (2007),Comedy|Romance,1864
52281,Grindhouse (2007),Action|Crime|Horror|Sci-Fi|Thriller,1865
52287,Meet the Robinsons (2007),Action|Adventure|Animation|Children|Comedy|Sci-Fi,1866
52328,Sunshine (2007),Adventure|Drama|Sci-Fi|Thriller,1867
52435,How the Grinch Stole Christmas! (1966),Animation|Comedy|Fantasy|Musical,1868
52458,Disturbia (2007),Drama|Thriller,1869
52604,Fracture (2007),Crime|Drama|Mystery|Thriller,1870
52722,Spider-Man 3 (2007),Action|Adventure|Sci-Fi|Thriller|IMAX,1871
52973,Knocked Up (2007),Comedy|Drama|Romance,1872
52975,Hairspray (2007),Comedy|Drama|Musical,1873
53000,28 Weeks Later (2007),Horror|Sci-Fi|Thriller,1874
53121,Shrek the Third (2007),Adventure|Animation|Children|Comedy|Fantasy,1875
53125,Pirates of the Caribbean: At World's End (2007),Action|Adventure|Comedy|Fantasy,1876
53322,Ocean's Thirteen (2007),Crime|Thriller,1877
53464,Fantastic Four: Rise of the Silver Surfer (2007),Action|Adventure|Sci-Fi,1878
53519,Death Proof (2007),Action|Adventure|Crime|Horror|Thriller,1879
53894,Sicko (2007),Documentary|Drama,1880
53953,1408 (2007),Drama|Horror|Thriller,1881
53972,Live Free or Die Hard (2007),Action|Adventure|Crime|Thriller,1882
53993,Evan Almighty (2007),Comedy|Fantasy,1883
53996,Transformers (2007),Action|Sci-Fi|Thriller|IMAX,1884
54001,Harry Potter and the Order of the Phoenix (2007),Adventure|Drama|Fantasy|IMAX,1885
54004,I Now Pronounce You Chuck and Larry (2007),Comedy|Romance,1886
54190,Across the Universe (2007),Drama|Fantasy|Musical|Romance,1887
54259,Stardust (2007),Adventure|Comedy|Fantasy|Romance,1888
54272,"Simpsons Movie, The (2007)",Animation|Comedy,1889
54286,"Bourne Ultimatum, The (2007)",Action|Crime|Thriller,1890
54503,Superbad (2007),Comedy,1891
54881,"King of Kong, The (2007)",Documentary,1892
54995,Planet Terror (2007),Action|Horror|Sci-Fi,1893
54997,3:10 to Yuma (2007),Action|Crime|Drama|Western,1894
54999,Shoot 'Em Up (2007),Action|Comedy|Crime,1895
55052,Atonement (2007),Drama|Romance|War,1896
55118,Eastern Promises (2007),Crime|Drama|Thriller,1897
55232,Resident Evil: Extinction (2007),Action|Horror|Sci-Fi|Thriller,1898
55247,Into the Wild (2007),Action|Adventure|Drama,1899
55269,"Darjeeling Limited, The (2007)",Adventure|Comedy|Drama,1900
55276,Michael Clayton (2007),Drama|Thriller,1901
55282,30 Days of Night (2007),Horror|Thriller,1902
55290,Gone Baby Gone (2007),Crime|Drama|Mystery,1903
55363,"Assassination of Jesse James by the Coward Robert Ford, The (2007)",Crime|Drama|Western,1904
55442,Persepolis (2007),Animation|Drama,1905
55721,Elite Squad (Tropa de Elite) (2007),Action|Crime|Drama|Thriller,1906
55765,American Gangster (2007),Crime|Drama|Thriller,1907
55768,Bee Movie (2007),Animation|Comedy,1908
55820,No Country for Old Men (2007),Crime|Drama,1909
55830,Be Kind Rewind (2008),Comedy,1910
56145,"Mist, The (2007)",Horror|Sci-Fi,1911
56152,Enchanted (2007),Adventure|Animation|Children|Comedy|Fantasy|Musical|Romance,1912
56171,"Golden Compass, The (2007)",Adventure|Children|Fantasy,1913
56174,I Am Legend (2007),Action|Horror|Sci-Fi|Thriller|IMAX,1914
56251,Futurama: Bender's Big Score (2007),Animation|Comedy|Sci-Fi,1915
56367,Juno (2007),Comedy|Drama|Romance,1916
56587,"Bucket List, The (2007)",Comedy|Drama,1917
56757,Sweeney Todd: The Demon Barber of Fleet Street (2007),Drama|Horror|Musical|Thriller,1918
56775,National Treasure: Book of Secrets (2007),Action|Adventure,1919
56782,There Will Be Blood (2007),Drama|Western,1920
56941,P.S. I Love You (2007),Comedy|Drama|Romance,1921
56949,27 Dresses (2008),Comedy|Romance,1922
57368,Cloverfield (2008),Action|Mystery|Sci-Fi|Thriller,1923
57504,"Girl Who Leapt Through Time, The (Toki o kakeru shôjo) (2006)",Animation|Comedy|Drama|Romance|Sci-Fi,1924
57640,Hellboy II: The Golden Army (2008),Action|Adventure|Fantasy|Sci-Fi,1925
57669,In Bruges (2008),Comedy|Crime|Drama|Thriller,1926
58025,Jumper (2008),Action|Adventure|Drama|Sci-Fi|Thriller,1927
58047,"Definitely, Maybe (2008)",Comedy|Drama|Romance,1928
58156,Semi-Pro (2008),Comedy,1929
58293,"10,000 BC (2008)",Adventure|Romance|Thriller,1930
58295,"Bank Job, The (2008)",Action|Crime|Thriller,1931
58559,"Dark Knight, The (2008)",Action|Crime|Drama|IMAX,1932
58803,21 (2008),Crime|Drama|Romance|Thriller,1933
58998,Forgetting Sarah Marshall (2008),Comedy|Romance,1934
59022,Harold & Kumar Escape from Guantanamo Bay (2008),Adventure|Comedy,1935
59258,Baby Mama (2008),Comedy,1936
59315,Iron Man (2008),Action|Adventure|Sci-Fi,1937
59369,Taken (2008),Action|Crime|Drama|Thriller,1938
59387,"Fall, The (2006)",Adventure|Drama|Fantasy,1939
59501,"Chronicles of Narnia: Prince Caspian, The (2008)",Adventure|Children|Fantasy,1940
59615,Indiana Jones and the Kingdom of the Crystal Skull (2008),Action|Adventure|Comedy|Sci-Fi,1941
59725,Sex and the City (2008),Comedy|Romance,1942
59784,Kung Fu Panda (2008),Action|Animation|Children|Comedy|IMAX,1943
59900,You Don't Mess with the Zohan (2008),Comedy,1944
60040,"Incredible Hulk, The (2008)",Action|Sci-Fi,1945
60069,WALL·E (2008),Adventure|Animation|Children|Romance|Sci-Fi,1946
60072,Wanted (2008),Action|Thriller,1947
60074,Hancock (2008),Action|Adventure|Comedy|Crime|Fantasy,1948
60126,Get Smart (2008),Action|Comedy,1949
60397,Mamma Mia! (2008),Comedy|Musical|Romance,1950
60684,Watchmen (2009),Action|Drama|Mystery|Sci-Fi|Thriller|IMAX,1951
60756,Step Brothers (2008),Comedy,1952
60950,Vicky Cristina Barcelona (2008),Comedy|Drama|Romance,1953
61024,Pineapple Express (2008),Action|Comedy|Crime,1954
61132,Tropic Thunder (2008),Action|Adventure|Comedy|War,1955
61240,Let the Right One In (Låt den rätte komma in) (2008),Drama|Fantasy|Horror|Romance,1956
61250,"House Bunny, The (2008)",Comedy,1957
61323,Burn After Reading (2008),Comedy|Crime|Drama,1958
62155,Nick and Norah's Infinite Playlist (2008),Comedy|Drama|Romance,1959
62374,Body of Lies (2008),Action|Drama|Thriller,1960
62434,Zack and Miri Make a Porno (2008),Comedy|Drama|Romance,1961
62849,RocknRolla (2008),Action|Crime,1962
62999,Madagascar: Escape 2 Africa (2008),Action|Adventure|Animation|Children|Comedy|IMAX,1963
63082,Slumdog Millionaire (2008),Crime|Drama|Romance,1964
63113,Quantum of Solace (2008),Action|Adventure|Thriller,1965
63131,Role Models (2008),Comedy,1966
63859,Bolt (2008),Action|Adventure|Animation|Children|Comedy,1967
63876,Milk (2008),Drama,1968
63992,Twilight (2008),Drama|Fantasy|Romance|Thriller,1969
64614,Gran Torino (2008),Crime|Drama,1970
64716,Seven Pounds (2008),Drama,1971
64839,"Wrestler, The (2008)",Drama,1972
64957,"Curious Case of Benjamin Button, The (2008)",Drama|Fantasy|Mystery|Romance,1973
64969,Yes Man (2008),Comedy,1974
64983,Valkyrie (2008),Drama|Thriller|War,1975
65088,Bedtime Stories (2008),Adventure|Children|Comedy,1976
65230,Marley & Me (2008),Comedy|Drama,1977
65261,Ponyo (Gake no ue no Ponyo) (2008),Adventure|Animation|Children|Fantasy,1978
65514,Ip Man (2008),Action|Drama|War,1979
66097,Coraline (2009),Animation|Fantasy|Thriller,1980
66203,He's Just Not That Into You (2009),Comedy|Drama|Romance,1981
66934,Dr. Horrible's Sing-Along Blog (2008),Comedy|Drama|Musical|Sci-Fi,1982
67087,"I Love You, Man (2009)",Comedy,1983
67255,"Girl with the Dragon Tattoo, The (Män som hatar kvinnor) (2009)",Crime|Drama|Mystery|Thriller,1984
67734,Adventureland (2009),Comedy|Drama,1985
67923,"Fast & Furious (Fast and the Furious 4, The) (2009)",Action|Crime|Drama|Thriller,1986
68135,17 Again (2009),Comedy|Drama,1987
68157,Inglourious Basterds (2009),Action|Drama|War,1988
68237,Moon (2009),Drama|Mystery|Sci-Fi|Thriller,1989
68319,X-Men Origins: Wolverine (2009),Action|Sci-Fi|Thriller,1990
68358,Star Trek (2009),Action|Adventure|Sci-Fi|IMAX,1991
68554,Angels & Demons (2009),Crime|Drama|Mystery|Thriller,1992
68791,Terminator Salvation (2009),Action|Adventure|Sci-Fi|Thriller,1993
68793,Night at the Museum: Battle of the Smithsonian (2009),Action|Comedy|IMAX,1994
68954,Up (2009),Adventure|Animation|Children|Drama,1995
69122,"Hangover, The (2009)",Comedy|Crime,1996
69406,"Proposal, The (2009)",Comedy|Romance,1997
69481,"Hurt Locker, The (2008)",Action|Drama|Thriller|War,1998
69526,Transformers: Revenge of the Fallen (2009),Action|Adventure|Sci-Fi|IMAX,1999
69644,Ice Age: Dawn of the Dinosaurs (2009),Action|Adventure|Animation|Children|Comedy|Romance,2000
69757,(500) Days of Summer (2009),Comedy|Drama|Romance,2001
69784,Brüno (Bruno) (2009),Comedy,2002
69844,Harry Potter and the Half-Blood Prince (2009),Adventure|Fantasy|Mystery|Romance|IMAX,2003
69951,"Imaginarium of Doctor Parnassus, The (2009)",Drama|Fantasy,2004
70183,"Ugly Truth, The (2009)",Comedy|Drama|Romance,2005
70286,District 9 (2009),Mystery|Sci-Fi|Thriller,2006
70293,Julie & Julia (2009),Comedy|Drama|Romance,2007
71057,9 (2009),Adventure|Animation|Sci-Fi,2008
71264,Cloudy with a Chance of Meatballs (2009),Animation|Children|Fantasy|IMAX,2009
71464,"Serious Man, A (2009)",Comedy|Drama,2010
71530,Surrogates (2009),Action|Sci-Fi|Thriller,2011
71535,Zombieland (2009),Action|Comedy|Horror,2012
71745,Where the Wild Things Are (2009),Adventure|Children|Drama|Fantasy|IMAX,2013
71899,Mary and Max (2009),Animation|Comedy|Drama,2014
72011,Up in the Air (2009),Drama|Romance,2015
72226,Fantastic Mr. Fox (2009),Adventure|Animation|Children|Comedy|Crime,2016
72378,2012 (2009),Action|Drama|Sci-Fi|Thriller,2017
72641,"Blind Side, The  (2009)",Drama,2018
72737,"Princess and the Frog, The (2009)",Animation|Children|Fantasy|Musical|Romance,2019
72998,Avatar (2009),Action|Adventure|Sci-Fi|IMAX,2020
73017,Sherlock Holmes (2009),Action|Crime|Mystery|Thriller,2021
73321,"Book of Eli, The (2010)",Action|Adventure|Drama,2022
74458,Shutter Island (2010),Drama|Mystery|Thriller,2023
74789,Alice in Wonderland (2010),Adventure|Fantasy|IMAX,2024
76077,Hot Tub Time Machine (2010),Comedy|Sci-Fi,2025
76093,How to Train Your Dragon (2010),Adventure|Animation|Children|Fantasy|IMAX,2026
76175,Clash of the Titans (2010),Action|Adventure|Drama|Fantasy,2027
76251,Kick-Ass (2010),Action|Comedy,2028
76293,Date Night (2010),Action|Comedy|Romance,2029
77455,Exit Through the Gift Shop (2010),Comedy|Documentary,2030
77561,Iron Man 2 (2010),Action|Adventure|Sci-Fi|Thriller|IMAX,2031
78105,Prince of Persia: The Sands of Time (2010),Action|Adventure|Fantasy|Romance|IMAX,2032
78209,Get Him to the Greek (2010),Comedy,2033
78469,"A-Team, The (2010)",Action|Comedy|Thriller,2034
78499,Toy Story 3 (2010),Adventure|Animation|Children|Comedy|Fantasy|IMAX,2035
78772,"Twilight Saga: Eclipse, The (2010)",Fantasy|Romance|Thriller|IMAX,2036
79057,Predators (2010),Action|Sci-Fi|Thriller,2037
79091,Despicable Me (2010),Animation|Children|Comedy|Crime,2038
79132,Inception (2010),Action|Crime|Drama|Mystery|Sci-Fi|Thriller|IMAX,2039
79134,Grown Ups (2010),Comedy,2040
79139,"Sorcerer's Apprentice, The (2010)",Action|Adventure|Children|Comedy|Fantasy,2041
79293,Salt (2010),Action|Thriller,2042
79592,"Other Guys, The (2010)",Action|Comedy,2043
79695,"Expendables, The (2010)",Action|Adventure|Thriller,2044
79702,Scott Pilgrim vs. the World (2010),Action|Comedy|Fantasy|Musical|Romance,2045
80219,Machete (2010),Action|Adventure|Comedy|Crime|Thriller,2046
80463,"Social Network, The (2010)",Drama,2047
80489,"Town, The (2010)",Crime|Drama|Thriller,2048
80549,Easy A (2010),Comedy|Romance,2049
80906,Inside Job (2010),Documentary,2050
81229,Red (2010),Action|Comedy,2051
81537,Due Date (2010),Comedy,2052
81562,127 Hours (2010),Adventure|Drama|Thriller,2053
81564,Megamind (2010),Action|Animation|Children|Comedy|Sci-Fi|IMAX,2054
81591,Black Swan (2010),Drama|Thriller,2055
81834,Harry Potter and the Deathly Hallows: Part 1 (2010),Action|Adventure|Fantasy|IMAX,2056
81845,"King's Speech, The (2010)",Drama,2057
81847,Tangled (2010),Animation|Children|Comedy|Fantasy|Musical|Romance|IMAX,2058
81932,"Fighter, The (2010)",Drama,2059
82459,True Grit (2010),Western,2060
82461,Tron: Legacy (2010),Action|Adventure|Sci-Fi|IMAX,2061
83134,Tucker & Dale vs Evil (2010),Comedy|Horror,2062
83349,"Green Hornet, The (2011)",Action|Comedy|Crime|Fantasy|Thriller|IMAX,2063
84152,Limitless (2011),Sci-Fi|Thriller,2064
84374,No Strings Attached (2011),Comedy|Romance,2065
84392,"Lincoln Lawyer, The (2011)",Crime|Drama|Thriller,2066
84772,Paul (2011),Adventure|Comedy|Sci-Fi,2067
84944,Rango (2011),Action|Adventure|Animation|Children|Comedy|Western,2068
84954,"Adjustment Bureau, The (2011)",Romance|Sci-Fi|Thriller,2069
85414,Source Code (2011),Action|Drama|Mystery|Sci-Fi|Thriller,2070
85510,Sucker Punch (2011),Action|Fantasy|Thriller|IMAX,2071
86190,Hanna (2011),Action|Adventure|Mystery|Thriller,2072
86332,Thor (2011),Action|Adventure|Drama|Fantasy|IMAX,2073
86644,"Fast Five (Fast and the Furious 5, The) (2011)",Action|Crime|Drama|Thriller|IMAX,2074
86833,Bridesmaids (2011),Comedy,2075
86880,Pirates of the Caribbean: On Stranger Tides (2011),Action|Adventure|Fantasy|IMAX,2076
86882,Midnight in Paris (2011),Comedy|Fantasy|Romance,2077
86911,"Hangover Part II, The (2011)",Comedy,2078
87222,Kung Fu Panda 2 (2011),Action|Adventure|Animation|Children|Comedy|IMAX,2079
87232,X-Men: First Class (2011),Action|Adventure|Sci-Fi|Thriller|War,2080
87306,Super 8 (2011),Mystery|Sci-Fi|Thriller|IMAX,2081
87430,Green Lantern (2011),Action|Adventure|Sci-Fi,2082
87520,Transformers: Dark of the Moon (2011),Action|Adventure|Sci-Fi|War|IMAX,2083
87869,Horrible Bosses (2011),Comedy|Crime,2084
88125,Harry Potter and the Deathly Hallows: Part 2 (2011),Action|Adventure|Drama|Fantasy|Mystery|IMAX,2085
88129,Drive (2011),Crime|Drama|Film-Noir|Thriller,2086
88140,Captain America: The First Avenger (2011),Action|Adventure|Sci-Fi|Thriller|War,2087
88163,"Crazy, Stupid, Love. (2011)",Comedy|Drama|Romance,2088
88405,Friends with Benefits (2011),Comedy|Romance,2089
88744,Rise of the Planet of the Apes (2011),Action|Drama|Sci-Fi|Thriller,2090
88785,"Change-Up, The (2011)",Comedy,2091
88810,"Help, The (2011)",Drama,2092
89470,Contagion (2011),Sci-Fi|Thriller|IMAX,2093
89492,Moneyball (2011),Drama,2094
89745,"Avengers, The (2012)",Action|Adventure|Sci-Fi|IMAX,2095
89774,Warrior (2011),Drama,2096
89864,50/50 (2011),Comedy|Drama,2097
89904,The Artist (2011),Comedy|Drama|Romance,2098
90405,In Time (2011),Crime|Sci-Fi|Thriller,2099
90746,"Adventures of Tintin, The (2011)",Action|Animation|Mystery|IMAX,2100
90866,Hugo (2011),Children|Drama|Mystery,2101
91077,"Descendants, The (2011)",Comedy|Drama,2102
91094,"Muppets, The (2011)",Children|Comedy|Musical,2103
91485,"Expendables 2, The (2012)",Action|Adventure,2104
91500,The Hunger Games (2012),Action|Adventure|Drama|Sci-Fi|Thriller,2105
91529,"Dark Knight Rises, The (2012)",Action|Adventure|Crime|IMAX,2106
91535,"Bourne Legacy, The (2012)",Action|Adventure|Drama|Thriller|IMAX,2107
91542,Sherlock Holmes: A Game of Shadows (2011),Action|Adventure|Comedy|Crime|Mystery|Thriller,2108
91630,Mission: Impossible - Ghost Protocol (2011),Action|Adventure|Thriller|IMAX,2109
91658,"Girl with the Dragon Tattoo, The (2011)",Drama|Thriller,2110
92259,Intouchables (2011),Comedy|Drama,2111
92535,Louis C.K.: Live at the Beacon Theater (2011),Comedy,2112
93326,This Means War (2012),Action|Comedy|Romance,2113
93363,John Carter (2012),Action|Adventure|Sci-Fi|IMAX,2114
93510,21 Jump Street (2012),Action|Comedy|Crime,2115
93840,"Cabin in the Woods, The (2012)",Comedy|Horror|Sci-Fi|Thriller,2116
94677,"Dictator, The (2012)",Comedy,2117
94777,Men in Black III (M.III.B.) (M.I.B.³) (2012),Action|Comedy|Sci-Fi|IMAX,2118
94864,Prometheus (2012),Action|Horror|Sci-Fi|IMAX,2119
94959,Moonrise Kingdom (2012),Comedy|Drama|Romance,2120
95167,Brave (2012),Action|Adventure|Animation|Children,2121
95441,Ted (2012),Comedy|Fantasy,2122
95510,"Amazing Spider-Man, The (2012)",Action|Adventure|Sci-Fi|IMAX,2123
96079,Skyfall (2012),Action|Adventure|Thriller|IMAX,2124
96588,Pitch Perfect (2012),Comedy|Musical,2125
96610,Looper (2012),Action|Crime|Sci-Fi,2126
96737,Dredd (2012),Action|Sci-Fi,2127
96821,"Perks of Being a Wallflower, The (2012)",Drama|Romance,2128
96829,"Hunt, The (Jagten) (2012)",Drama,2129
97225,Hotel Transylvania (2012),Animation|Children|Comedy,2130
97304,Argo (2012),Drama|Thriller,2131
97306,Seven Psychopaths (2012),Comedy|Crime,2132
97752,Cloud Atlas (2012),Drama|Sci-Fi|IMAX,2133
97913,Wreck-It Ralph (2012),Animation|Comedy,2134
97921,Silver Linings Playbook (2012),Comedy|Drama,2135
97938,Life of Pi (2012),Adventure|Drama|IMAX,2136
98243,Rise of the Guardians (2012),Adventure|Animation|Children|Fantasy|IMAX,2137
98809,"Hobbit: An Unexpected Journey, The (2012)",Adventure|Fantasy|IMAX,2138
98961,Zero Dark Thirty (2012),Action|Drama|Thriller,2139
99007,Warm Bodies (2013),Comedy|Horror|Romance,2140
99112,Jack Reacher (2012),Action|Crime|Thriller,2141
99114,Django Unchained (2012),Action|Drama|Western,2142
101864,Oblivion (2013),Action|Adventure|Sci-Fi|IMAX,2143
102123,This Is the End (2013),Action|Comedy,2144
102125,Iron Man 3 (2013),Action|Sci-Fi|Thriller|IMAX,2145
102407,"Great Gatsby, The (2013)",Drama,2146
102445,Star Trek Into Darkness (2013),Action|Adventure|Sci-Fi|IMAX,2147
102481,"Internship, The (2013)",Comedy,2148
102903,Now You See Me (2013),Crime|Mystery|Thriller,2149
103042,Man of Steel (2013),Action|Adventure|Fantasy|Sci-Fi|IMAX,2150
103141,Monsters University (2013),Adventure|Animation|Comedy,2151
103228,Pacific Rim (2013),Action|Adventure|Sci-Fi|IMAX,2152
103249,World War Z (2013),Action|Drama|Horror|IMAX,2153
103253,Elysium (2013),Action|Drama|Sci-Fi|IMAX,2154
103335,Despicable Me 2 (2013),Animation|Children|Comedy|IMAX,2155
103341,"World's End, The (2013)",Action|Comedy|Sci-Fi,2156
103772,"Wolverine, The (2013)",Action|Adventure|Fantasy|Sci-Fi,2157
104211,We're the Millers (2013),Comedy|Crime,2158
104241,Kick-Ass 2 (2013),Action|Comedy|Crime,2159
104374,About Time (2013),Drama|Fantasy|Romance,2160
104841,Gravity (2013),Action|Sci-Fi|IMAX,2161
104879,Prisoners (2013),Drama|Mystery|Thriller,2162
104913,Rush (2013),Action|Drama,2163
105504,Captain Phillips (2013),Adventure|Drama|Thriller|IMAX,2164
105844,12 Years a Slave (2013),Drama,2165
106002,Ender's Game (2013),Action|Adventure|Sci-Fi|IMAX,2166
106072,Thor: The Dark World (2013),Action|Adventure|Fantasy|IMAX,2167
106100,Dallas Buyers Club (2013),Drama,2168
106487,The Hunger Games: Catching Fire (2013),Action|Adventure|Sci-Fi|IMAX,2169
106489,"Hobbit: The Desolation of Smaug, The (2013)",Adventure|Fantasy|IMAX,2170
106696,Frozen (2013),Adventure|Animation|Comedy|Fantasy|Musical|Romance,2171
106782,"Wolf of Wall Street, The (2013)",Comedy|Crime|Drama,2172
106916,American Hustle (2013),Crime|Drama,2173
106918,"Secret Life of Walter Mitty, The (2013)",Adventure|Comedy|Drama,2174
106920,Her (2013),Drama|Romance|Sci-Fi,2175
107348,Anchorman 2: The Legend Continues (2013),Comedy,2176
107406,Snowpiercer (2013),Action|Drama|Sci-Fi,2177
108190,Divergent (2014),Adventure|Romance|Sci-Fi|IMAX,2178
108932,The Lego Movie (2014),Action|Adventure|Animation|Children|Comedy|Fantasy,2179
109374,"Grand Budapest Hotel, The (2014)",Comedy|Drama,2180
109487,Interstellar (2014),Sci-Fi|IMAX,2181
110102,Captain America: The Winter Soldier (2014),Action|Adventure|Sci-Fi|IMAX,2182
110553,The Amazing Spider-Man 2 (2014),Action|Sci-Fi|IMAX,2183
111113,Neighbors (2014),Comedy,2184
111360,Lucy (2014),Action|Sci-Fi,2185
111362,X-Men: Days of Future Past (2014),Action|Adventure|Sci-Fi,2186
111364,Godzilla (2014),Action|Adventure|Sci-Fi|IMAX,2187
111659,Maleficent (2014),Action|Adventure|Children|IMAX,2188
111743,A Million Ways to Die in the West (2014),Comedy|Western,2189
111759,Edge of Tomorrow (2014),Action|Sci-Fi|IMAX,2190
111781,Mission: Impossible - Rogue Nation (2015),Action|Adventure|Thriller,2191
112138,22 Jump Street (2014),Action|Comedy|Crime,2192
112175,How to Train Your Dragon 2 (2014),Action|Adventure|Animation,2193
112183,Birdman: Or (The Unexpected Virtue of Ignorance) (2014),Comedy|Drama,2194
112290,Boyhood (2014),Drama,2195
112552,Whiplash (2014),Drama,2196
112556,Gone Girl (2014),Drama|Thriller,2197
112623,Dawn of the Planet of the Apes (2014),Sci-Fi,2198
112852,Guardians of the Galaxy (2014),Action|Adventure|Sci-Fi,2199
114180,"Maze Runner, The (2014)",Action|Mystery|Sci-Fi,2200
114662,American Sniper (2014),Action|War,2201
114935,Predestination (2014),Action|Mystery|Sci-Fi|Thriller,2202
115149,John Wick (2014),Action|Thriller,2203
115210,Fury (2014),Action|Drama|War,2204
115569,Nightcrawler (2014),Crime|Drama|Thriller,2205
115617,Big Hero 6 (2014),Action|Animation|Comedy,2206
115713,Ex Machina (2015),Drama|Sci-Fi|Thriller,2207
116797,The Imitation Game (2014),Drama|Thriller|War,2208
116823,The Hunger Games: Mockingjay - Part 1 (2014),Adventure|Sci-Fi|Thriller,2209
116897,Wild Tales (2014),Comedy|Drama|Thriller,2210
117176,The Theory of Everything (2014),Drama|Romance,2211
117529,Jurassic World (2015),Action|Adventure|Drama|Sci-Fi|Thriller,2212
117590,Horrible Bosses 2 (2014),Comedy|Crime,2213
118696,The Hobbit: The Battle of the Five Armies (2014),Adventure|Fantasy,2214
119141,The Interview (2014),Action|Comedy,2215
119145,Kingsman: The Secret Service (2015),Action|Adventure|Comedy|Crime,2216
120466,Chappie (2015),Action|Thriller,2217
122882,Mad Max: Fury Road (2015),Action|Adventure|Sci-Fi|Thriller,2218
122886,Star Wars: Episode VII - The Force Awakens (2015),Action|Adventure|Fantasy|Sci-Fi|IMAX,2219
122892,Avengers: Age of Ultron (2015),Action|Adventure|Sci-Fi,2220
122900,Ant-Man (2015),Action|Adventure|Sci-Fi,2221
122904,Deadpool (2016),Action|Adventure|Comedy|Sci-Fi,2222
122906,Black Panther (2017),Action|Adventure|Sci-Fi,2223
122912,Avengers: Infinity War - Part I (2018),Action|Adventure|Sci-Fi,2224
122916,Thor: Ragnarok (2017),Action|Adventure|Sci-Fi,2225
122918,Guardians of the Galaxy 2 (2017),Action|Adventure|Sci-Fi,2226
122920,Captain America: Civil War (2016),Action|Sci-Fi|Thriller,2227
122922,Doctor Strange (2016),Action|Adventure|Sci-Fi,2228
122924,X-Men: Apocalypse (2016),Action|Adventure|Fantasy|Sci-Fi,2229
122926,Untitled Spider-Man Reboot (2017),Action|Adventure|Fantasy,2230
128360,The Hateful Eight (2015),Western,2231
129354,Focus (2015),Comedy|Crime|Drama|Romance,2232
134130,The Martian (2015),Adventure|Drama|Sci-Fi,2233
134368,Spy (2015),Action|Comedy|Crime,2234
134393,Trainwreck (2015),Comedy|Romance,2235
134853,Inside Out (2015),Adventure|Animation|Children|Comedy|Drama|Fantasy,2236
135133,The Hunger Games: Mockingjay - Part 2 (2015),Adventure|Sci-Fi,2237
135143,Fantastic Beasts and Where to Find Them (2016),Fantasy,2238
135536,Suicide Squad (2016),Action|Crime|Sci-Fi,2239
135569,Star Trek Beyond (2016),Action|Adventure|Sci-Fi,2240
135887,Minions (2015),Adventure|Animation|Children|Comedy,2241
136020,Spectre (2015),Action|Adventure|Crime,2242
136864,Batman v Superman: Dawn of Justice (2016),Action|Adventure|Fantasy|Sci-Fi,2243
137857,The Jungle Book (2016),Adventure|Drama|Fantasy,2244
138036,The Man from U.N.C.L.E. (2015),Action|Adventure|Comedy,2245
139385,The Revenant (2015),Adventure|Drama,2246
139644,Sicario (2015),Crime|Drama|Mystery,2247
140110,The Intern (2015),Comedy,2248
142488,Spotlight (2015),Thriller,2249
143355,Wonder Woman (2017),Action|Adventure|Fantasy,2250
148626,"Big Short, The (2015)",Drama,2251
150548,Sherlock: The Abominable Bride (2016),Action|Crime|Drama|Mystery|Thriller,2252
152077,10 Cloverfield Lane (2016),Thriller,2253
152081,Zootopia (2016),Action|Adventure|Animation|Children|Comedy,2254
157296,Finding Dory (2016),Adventure|Animation|Comedy,2255
158238,The Nice Guys (2016),Crime|Mystery|Thriller,2256
159093,Now You See Me 2 (2016),Action|Comedy|Thriller,2257
164179,Arrival (2016),Sci-Fi,2258
166461,Moana (2016),Adventure|Animation|Children|Comedy|Fantasy,2259
166528,Rogue One: A Star Wars Story (2016),Action|Adventure|Fantasy|Sci-Fi,2260
166643,Hidden Figures (2016),Drama,2261
168250,Get Out (2017),Horror,2262
168252,Logan (2017),Action|Sci-Fi,2263
174055,Dunkirk (2017),Action|Drama|Thriller|War,2264
176371,Blade Runner 2049 (2017),Sci-Fi,2265
177765,Coco (2017),Adventure|Animation|Children,2266
179819,Star Wars: The Last Jedi (2017),Action|Adventure|Fantasy|Sci-Fi,2267
187593,Deadpool 2 (2018),Action|Comedy|Sci-Fi,2268
